column_name,distinct_comment_count,involved_comments,involved_tables,risk_level,recommendation,note
adcd,2,所属行政区划编码 ||| 行政区划编码,"stg_sslhhpj_hbsxkqycszhslzhglptjsxm_att_bas_base_df, stg_sslhhpj_hbsxkqycszhslzhglptjsxm_att_wmst_base_df",high,keep_original_comments_no_revision — train_only_with_table_context,不改写任何原始注释，不统一注释。训练时必须带 table_name/table_comment/schema context。
address,5,地址 ||| 污染源地址 ||| 详细地址 ||| 摄像头地址 ||| 水源口地址,"gis_poi, rs_enterprise_info_lsg, rs_enterprise_info_wade, rs_outlet_trace_v2, stg_sjtysj_cbwrwxtzlxxxt_b_anchorage_info_df, stg_sjtysj_cbwrwxtzlxxxt_b_clean_company_df, stg_sjtysj_cbwrwxtzlxxxt_b_process_unit_info_df, stg_sjtysj_cbwrwxtzlxxxt_b_wharf_info_df, wm_camera_info, wm_water_source_bak0421, wst_asset",high,keep_original_comments_no_revision — train_only_with_table_context,不改写任何原始注释，不统一注释。训练时必须带 table_name/table_comment/schema context。
anchorage_id,2,锚地id ||| 关联接收区域id,"stg_sjtysj_cbwrwxtzlxxxt_b_anchorage_clean_company_df, stg_sjtysj_cbwrwxtzlxxxt_b_wharf_info_df",high,keep_original_comments_no_revision — train_only_with_table_context,不改写任何原始注释，不统一注释。训练时必须带 table_name/table_comment/schema context。
anchorage_name,2,锚地名称 ||| 锚地名,"stg_sjtysj_cbwrwxtzlxxxt_b_anchorage_info_df, stg_sjtysj_cbwrwxtzlxxxt_p_ashore_apply_df",high,keep_original_comments_no_revision — train_only_with_table_context,不改写任何原始注释，不统一注释。训练时必须带 table_name/table_comment/schema context。
apply_no,3,接受申请号 ||| 上岸申请编号 ||| 申请单号,"stg_sjtysj_cbwrwxtzlxxxt_p_apply_detail_df, stg_sjtysj_cbwrwxtzlxxxt_p_ashore_apply_df, stg_sjtysj_cbwrwxtzlxxxt_p_receive_storage_df",high,keep_original_comments_no_revision — train_only_with_table_context,不改写任何原始注释，不统一注释。训练时必须带 table_name/table_comment/schema context。
apply_szy_status,2,申请szy单状态  收转运 ||| 是否申请了szy单 0：未申请 1：已申请,"stg_sjtysj_cbwrwxtzlxxxt_p_apply_detail_df, stg_sjtysj_cbwrwxtzlxxxt_p_wharf_storage_df",high,keep_original_comments_no_revision — train_only_with_table_context,不改写任何原始注释，不统一注释。训练时必须带 table_name/table_comment/schema context。
area,9,面积（km2） ||| 面积：平方千米 ||| 面积：平方米 ||| 面积 ||| 省 ||| 省，市，区 ||| 县市区 ||| 面积（单位：平方千米） ||| 水体面积（km2）,"gis_control_unit, gis_watershed_partition, gis_watershed_partition_3, gis_watershed_partition_4, layer_partition_2, layer_partition_3, stg_sjtysj_cbwrwxtzlxxxt_b_anchorage_info_df, stg_sjtysj_cbwrwxtzlxxxt_b_clean_company_df, stg_sjtysj_cbwrwxtzlxxxt_b_wharf_info_df, stg_ycsjtysj_sxhyzssj_base_channel_level_df, wm_water_source_zone_v2, wm_waterbody_info",high,keep_original_comments_no_revision — train_only_with_table_context,不改写任何原始注释，不统一注释。训练时必须带 table_name/table_comment/schema context。
asset_type,2,资产类型，例如 national_section、provincial_section、auto_station、outfall、water_enterprise、chemical_park、wwtp、water_intake、camera、accident_pool、park_pipe、park_river ||| 资产类型编码，例如 national_section、auto_station、outfall、water_enterprise、chemical_park、camera,"wst_asset, wst_asset_type_dict",high,keep_original_comments_no_revision — train_only_with_table_context,不改写任何原始注释，不统一注释。训练时必须带 table_name/table_comment/schema context。
basin,2,所属流域 ||| 流域,"gis_control_unit, gis_watershed_partition_3, gis_watershed_partition_4",high,keep_original_comments_no_revision — train_only_with_table_context,不改写任何原始注释，不统一注释。训练时必须带 table_name/table_comment/schema context。
basin_code,2,所属流域编码 ||| 流域编码,"wst_asset, wst_control_zone",high,keep_original_comments_no_revision — train_only_with_table_context,不改写任何原始注释，不统一注释。训练时必须带 table_name/table_comment/schema context。
build_state,2,"建站状态(待建0,已建1) ||| 建站状态：0-待建、1-已建","wm_hydrological_info, wm_meteorological_info, wm_station_info, wm_station_info_v2",high,keep_original_comments_no_revision — train_only_with_table_context,不改写任何原始注释，不统一注释。训练时必须带 table_name/table_comment/schema context。
business_scope,2,经营范围:生活垃圾、生活污水、油污水 ||| 业务范围,"stg_sjtysj_cbwrwxtzlxxxt_b_clean_company_df, stg_sjtysj_cbwrwxtzlxxxt_b_process_unit_info_df",high,keep_original_comments_no_revision — train_only_with_table_context,不改写任何原始注释，不统一注释。训练时必须带 table_name/table_comment/schema context。
cache_id,3,缓存ID：APP端维护，用于关联提交数据 ||| 缓存ID：与离线同步任务的cacheId对应，用于批量文件管理 ||| 本地缓存ID：APP端维护,"dc_survey_offline_sync, dc_survey_offline_upload, dc_survey_task",high,keep_original_comments_no_revision — train_only_with_table_context,不改写任何原始注释，不统一注释。训练时必须带 table_name/table_comment/schema context。
captain_phone,2,船长电话 ||| 船长联系方式,"stg_sjtysj_cbwrwxtzlxxxt_b_receive_ship_info_df, stg_sjtysj_cbwrwxtzlxxxt_p_ashore_apply_df",high,keep_original_comments_no_revision — train_only_with_table_context,不改写任何原始注释，不统一注释。训练时必须带 table_name/table_comment/schema context。
car_num,2,车牌号 ||| 转运车牌号,"stg_sjtysj_cbwrwxtzlxxxt_b_transfer_car_df, stg_sjtysj_cbwrwxtzlxxxt_p_trans_apply_df",high,keep_original_comments_no_revision — train_only_with_table_context,不改写任何原始注释，不统一注释。训练时必须带 table_name/table_comment/schema context。
category,2,分类 ||| 资产分类，例如 monitoring=监测类，pollution=污染源类，supervision=监管类，emergency=应急类，network=网络类,"gis_poi, wst_asset_type_dict",high,keep_original_comments_no_revision — train_only_with_table_context,不改写任何原始注释，不统一注释。训练时必须带 table_name/table_comment/schema context。
cc_store_no,2,存储单单号，可能没有 ||| 后续存储单单号,"stg_sjtysj_cbwrwxtzlxxxt_p_handover_trans_detail_df, stg_sjtysj_cbwrwxtzlxxxt_p_handover_trans_df",high,keep_original_comments_no_revision — train_only_with_table_context,不改写任何原始注释，不统一注释。训练时必须带 table_name/table_comment/schema context。
channel_name,2,航道名 ||| 航道名称,"stg_ycsjtysj_sxhyzssj_base_channel_df, stg_ycsjtysj_sxhyzssj_base_channel_level_df",high,keep_original_comments_no_revision — train_only_with_table_context,不改写任何原始注释，不统一注释。训练时必须带 table_name/table_comment/schema context。
city,4,市级名称 ||| 市 ||| 城市 ||| 地市,"gis_region_county, gis_region_township, rs_enterprise_info_lsg, rs_livestock_info_yc, wm_water_intake, wm_water_source_intake_v2, wm_water_source_zone_v2",high,keep_original_comments_no_revision — train_only_with_table_context,不改写任何原始注释，不统一注释。训练时必须带 table_name/table_comment/schema context。
code,5,poi标识码 ||| 编码 ||| 水源编码 ||| 代码 ||| code 唯一,"gis_poi, gis_watershed_partition, wm_uav_info, wm_water_intake, wm_water_source, wm_water_source_bak0421, wt_service_directory",high,keep_original_comments_no_revision — train_only_with_table_context,不改写任何原始注释，不统一注释。训练时必须带 table_name/table_comment/schema context。
company_id,2,清洁公司id ||| 接收船舶所属清洁公司id,"stg_sjtysj_cbwrwxtzlxxxt_b_anchorage_clean_company_df, stg_sjtysj_cbwrwxtzlxxxt_b_day_receive_ship_kpi_df, stg_sjtysj_cbwrwxtzlxxxt_b_month_receive_ship_kpi_df",high,keep_original_comments_no_revision — train_only_with_table_context,不改写任何原始注释，不统一注释。训练时必须带 table_name/table_comment/schema context。
company_name,2,清洁公司名称 ||| 接收船舶所属清洁公司名称,"stg_sjtysj_cbwrwxtzlxxxt_b_day_receive_ship_kpi_df, stg_sjtysj_cbwrwxtzlxxxt_b_month_receive_ship_kpi_df",high,keep_original_comments_no_revision — train_only_with_table_context,不改写任何原始注释，不统一注释。训练时必须带 table_name/table_comment/schema context。
companyname,2,航运企业 ||| 固定源对应的企业名称,"stg_sjtj_sxhysjzxpt_t_vessel_info_df, stg_ycssthjj_ltwsjgpt_t_sjzx_wry_jbxx_df",high,keep_original_comments_no_revision — train_only_with_table_context,不改写任何原始注释，不统一注释。训练时必须带 table_name/table_comment/schema context。
confidence,2,置信度 ||| 挂接置信度，0-1之间,"wst_asset_relation, wst_asset_trace_snap",high,keep_original_comments_no_revision — train_only_with_table_context,不改写任何原始注释，不统一注释。训练时必须带 table_name/table_comment/schema context。
confirm_by,2,确认者 ||| 确认人,"stg_sjtysj_cbwrwxtzlxxxt_p_ashore_apply_df, stg_sjtysj_cbwrwxtzlxxxt_p_trans_apply_df, stg_sjtysj_cbwrwxtzlxxxt_p_wharf_storage_df",high,keep_original_comments_no_revision — train_only_with_table_context,不改写任何原始注释，不统一注释。训练时必须带 table_name/table_comment/schema context。
control_unit_id,2,控制单元id ||| 所属控制单元id,"wm_section_info, wm_waterbody_info",high,keep_original_comments_no_revision — train_only_with_table_context,不改写任何原始注释，不统一注释。训练时必须带 table_name/table_comment/schema context。
county,3,区县名称 ||| 县 ||| 区县,"gis_region_township, rs_enterprise_info_lsg, rs_livestock_info_yc, wm_water_intake",high,keep_original_comments_no_revision — train_only_with_table_context,不改写任何原始注释，不统一注释。训练时必须带 table_name/table_comment/schema context。
create_by,4,创建人 ||| 创建人ID ||| 创建者 ||| 申请账号,"cf_auto_build_flag, day_quality_records, day_quality_setting, dc_survey_app, dc_survey_info, dc_survey_offline_sync, dc_survey_offline_upload, dc_survey_task, dc_survey_track, gis_control_unit, gis_region, gis_watershed_partition, min_value_setting, rs_enterprise_info_lsg, rs_enterprise_info_wade, rs_livestock_info_yc, rs_outlet, rs_pollutant_enterprise, rs_pollutant_info, rs_sewage_info_yc, rs_warn_records, rs_wastewater_day_records, rs_wastewater_hour_records, rs_wastewater_month_records, rs_wastewater_standard, se_watershed_river, stg_sjtysj_cbwrwxtzlxxxt_b_clean_company_df, stg_sjtysj_cbwrwxtzlxxxt_b_process_unit_info_df, stg_sjtysj_cbwrwxtzlxxxt_b_receive_ship_info_df, stg_sjtysj_cbwrwxtzlxxxt_b_transfer_car_df, stg_sjtysj_cbwrwxtzlxxxt_b_wharf_info_df, stg_sjtysj_cbwrwxtzlxxxt_p_ashore_apply_df, stg_sjtysj_cbwrwxtzlxxxt_p_handover_trans_df, stg_sjtysj_cbwrwxtzlxxxt_p_trans_apply_df, stg_sjtysj_cbwrwxtzlxxxt_p_wharf_storage_df, stg_sslhhpj_hbsxkqycszhslzhglptjsxm_rcm_rv_lk_res_df, wh_hydrological_day_records, wh_hydrological_hour_records, wh_hydrological_records_1, wh_meteorological_day_records, wh_meteorological_hour_records, wh_meteorological_predict_day_records, wh_meteorological_predict_hour_records, wh_meteorological_records_1, wm_camera_info, wm_camera_platform, wm_hydrological_info, wm_image_info, wm_meteorological_info, wm_section_info, wm_section_wq_info, wm_station_info, wm_uav_info, wm_waterbody_info, wm_waterquality_day_records, wm_waterquality_hour_records, wm_waterquality_month_records, wm_waterquality_threshold, wm_waterquality_year_records, wt_service_directory, wt_warnparm_config",high,keep_original_comments_no_revision — train_only_with_table_context,不改写任何原始注释，不统一注释。训练时必须带 table_name/table_comment/schema context。
create_date,2,创建时间 ||| 创建日期,"layer_entity_relation, metadata_view, stg_sjtysj_cbwrwxtzlxxxt_b_clean_company_df, stg_sjtysj_cbwrwxtzlxxxt_b_process_unit_info_df, stg_sjtysj_cbwrwxtzlxxxt_b_receive_ship_info_df, stg_sjtysj_cbwrwxtzlxxxt_b_transfer_car_df, stg_sjtysj_cbwrwxtzlxxxt_b_wharf_info_df, stg_sjtysj_cbwrwxtzlxxxt_p_ashore_apply_df, stg_sjtysj_cbwrwxtzlxxxt_p_trans_apply_df, stg_sjtysj_cbwrwxtzlxxxt_p_wharf_storage_df",high,keep_original_comments_no_revision — train_only_with_table_context,不改写任何原始注释，不统一注释。训练时必须带 table_name/table_comment/schema context。
create_time,2,创建时间 ||| 申请时间,"cf_auto_build_flag, day_quality_records, day_quality_setting, dc_survey_app, dc_survey_info, dc_survey_offline_sync, dc_survey_offline_upload, dc_survey_task, dc_survey_task_instance, dc_survey_track, gis_control_unit, gis_region, gis_watershed_partition, min_value_setting, rs_enterprise_info_lsg, rs_enterprise_info_wade, rs_livestock_info_yc, rs_outlet, rs_pollutant_enterprise, rs_pollutant_info, rs_sewage_info_yc, rs_warn_records, rs_wastewater_day_records, rs_wastewater_hour_records, rs_wastewater_month_records, rs_wastewater_standard, se_watershed_river, stg_sjtysj_cbwrwxtzlxxxt_b_month_receive_ship_kpi_df, stg_sjtysj_cbwrwxtzlxxxt_p_handover_trans_df, stg_sslhhpj_hbsxkqycszhslzhglptjsxm_rcm_rv_lk_res_df, wh_hydrological_day_records, wh_hydrological_hour_records, wh_hydrological_records_1, wh_meteorological_day_records, wh_meteorological_hour_records, wh_meteorological_predict_day_records, wh_meteorological_predict_hour_records, wh_meteorological_records_1, wm_camera_info, wm_camera_platform, wm_directory, wm_hydrological_info, wm_image_info, wm_meteorological_info, wm_panorama_layer, wm_panorama_layer_relation, wm_panorama_video, wm_raster_info, wm_raster_inversion, wm_section_info, wm_section_wq_info, wm_station_info, wm_uav_info, wm_waterbody_info, wm_waterquality_day_records, wm_waterquality_hour_records, wm_waterquality_month_records, wm_waterquality_threshold, wm_waterquality_year_records, wt_service_directory, wt_warnparm_config",high,keep_original_comments_no_revision — train_only_with_table_context,不改写任何原始注释，不统一注释。训练时必须带 table_name/table_comment/schema context。
createtime,2,时间 ||| 投运时间,"stg_sjtysj_cbwrwxtzlxxxt_b_receive_ship_assessment_df, stg_ycssthjj_ltwsjgpt_t_sjzx_wry_jbxx_df",high,keep_original_comments_no_revision — train_only_with_table_context,不改写任何原始注释，不统一注释。训练时必须带 table_name/table_comment/schema context。
credit_code,2,统一社会信用代码 ||| 统一信用代码,"rs_livestock_info_yc, rs_outlet_trace_v2",high,keep_original_comments_no_revision — train_only_with_table_context,不改写任何原始注释，不统一注释。训练时必须带 table_name/table_comment/schema context。
del_flag,12,"删除标记：0 未删除、1 已删除 ||| 删除标志：0-正常、1-删除 ||| 删除标记: 0-未删除、1-已删除 ||| 删除标记 ||| 删除标记（0-正常，1-删除） ||| 删除标记：0-正常，1-删除 ||| 删除标记：0未删除、1已删除 ||| 删除标记: 0-未删除, 1-已删除 ||| 删除标志：0-正常，1-已删除 ||| 删除标志 ||| 0未删除,1已删除 ||| 逻辑删除标记：0=未删除，1=已删除","cf_auto_build_flag, day_quality_records, day_quality_setting, dc_survey_info, dc_survey_offline_sync, dc_survey_task, gis_control_unit, gis_region, gis_watershed_partition, min_value_setting, rs_enterprise_info_lsg, rs_enterprise_info_wade, rs_livestock_info_yc, rs_outlet, rs_pollutant_enterprise, rs_pollutant_info, rs_sewage_info_yc, rs_warn_records, rs_wastewater_day_records, rs_wastewater_hour_records, rs_wastewater_month_records, rs_wastewater_standard, se_watershed, se_watershed_river, wh_hydrological_day_records, wh_hydrological_hour_records, wh_hydrological_records_1, wh_meteorological_day_records, wh_meteorological_hour_records, wh_meteorological_predict_day_records, wh_meteorological_predict_hour_records, wh_meteorological_records_1, wm_camera_info, wm_camera_platform, wm_hydrological_info, wm_image_info, wm_meteorological_info, wm_raster_info, wm_raster_inversion, wm_section_info, wm_section_wq_info, wm_station_info, wm_station_info_v2, wm_uav_info, wm_waterbody_info, wm_waterquality_day_records, wm_waterquality_hour_records, wm_waterquality_month_records, wm_waterquality_threshold, wm_waterquality_year_records, wst_asset, wst_asset_trace_snap, wst_asset_type_dict, wst_control_zone, wst_trace_edge, wst_trace_node, wt_service_directory, wt_warnparm_config",high,keep_original_comments_no_revision — train_only_with_table_context,不改写任何原始注释，不统一注释。训练时必须带 table_name/table_comment/schema context。
description,6,现场核查情况信息（是否有污水产生、污水流向） ||| 污染源简介 ||| 目录描述 ||| 描述 ||| 关系子类说明 ||| 关系大类说明,"dc_survey_info, stg_ycssthjj_ltwsjgpt_t_sjzx_wry_jbxx_df, wm_directory, wm_panorama_video, wst_relation_subtype_dict, wst_relation_type_dict",high,keep_original_comments_no_revision — train_only_with_table_context,不改写任何原始注释，不统一注释。训练时必须带 table_name/table_comment/schema context。
device_code,2,设备编号 ||| 设备编码(国标20位),"wm_camera_info, wm_camera_platform",high,keep_original_comments_no_revision — train_only_with_table_context,不改写任何原始注释，不统一注释。训练时必须带 table_name/table_comment/schema context。
device_type,2,设备类型(枪机，半球，球机，云台枪机) ||| 设备类型,"stg_sslhhpj_hbsxkqycszhslzhglptjsxm_att_wmst_base_df, wm_camera_info",high,keep_original_comments_no_revision — train_only_with_table_context,不改写任何原始注释，不统一注释。训练时必须带 table_name/table_comment/schema context。
distance,2,巡查距离: 单位km ||| 距离上一个点的距离（米）,"dc_survey_task, dc_survey_track",high,keep_original_comments_no_revision — train_only_with_table_context,不改写任何原始注释，不统一注释。训练时必须带 table_name/table_comment/schema context。
duration,2,巡查时长: 单位秒 ||| 执行时长（秒）,"dc_survey_task, dc_survey_task_instance",high,keep_original_comments_no_revision — train_only_with_table_context,不改写任何原始注释，不统一注释。训练时必须带 table_name/table_comment/schema context。
emission_standard,2,执行排放标准 ||| 排放标准,"rs_industrial_info_yc, rs_outlet_trace_v2",high,keep_original_comments_no_revision — train_only_with_table_context,不改写任何原始注释，不统一注释。训练时必须带 table_name/table_comment/schema context。
evaluation,2,服务评分 ||| 本次服务评价,"stg_sjtysj_cbwrwxtzlxxxt_b_receive_ship_assessment_df, stg_sjtysj_cbwrwxtzlxxxt_p_ashore_apply_df",high,keep_original_comments_no_revision — train_only_with_table_context,不改写任何原始注释，不统一注释。训练时必须带 table_name/table_comment/schema context。
file_md5,2,安装包MD5值，用于校验文件完整性 ||| 文件标识：MD5值，用于唯一标识文件和完整性校验,"dc_survey_app, dc_survey_offline_upload",high,keep_original_comments_no_revision — train_only_with_table_context,不改写任何原始注释，不统一注释。训练时必须带 table_name/table_comment/schema context。
file_path,2,文件存储路径：上传完成后的完整路径 ||| 反演文件路径,"dc_survey_offline_upload, wm_raster_inversion",high,keep_original_comments_no_revision — train_only_with_table_context,不改写任何原始注释，不统一注释。训练时必须带 table_name/table_comment/schema context。
file_size,2,安装包文件大小（字节） ||| 文件总大小：字节,"dc_survey_app, dc_survey_offline_upload",high,keep_original_comments_no_revision — train_only_with_table_context,不改写任何原始注释，不统一注释。训练时必须带 table_name/table_comment/schema context。
frequency,2,测量频率 ||| 监测频率（小时计）,"wm_hydrological_info, wm_meteorological_info, wm_station_info, wt_warnparm_config",high,keep_original_comments_no_revision — train_only_with_table_context,不改写任何原始注释，不统一注释。训练时必须带 table_name/table_comment/schema context。
geom,9,几何信息 ||| 图形 ||| 图形信息 ||| 排污口所在位置 ||| 取水口位置 ||| 资产空间几何，点、线、面均可，坐标系SRID=4326 ||| 分区边界面几何，坐标系SRID=4326 ||| 边线几何，坐标系SRID=4326 ||| 节点点几何，坐标系SRID=4326,"gis_control_unit, gis_watershed_partition, rs_outlet, rs_outlet_info_v2, rs_outlet_live_v2, rs_outlet_trace_v2, rs_pollutant_enterprise, rs_pollutant_info, rs_sewage_park_info, wm_section_info, wm_station_info_v2, wm_water_source_intake_v2, wm_waterbody_info, wst_asset, wst_control_zone, wst_trace_edge, wst_trace_node",high,keep_original_comments_no_revision — train_only_with_table_context,不改写任何原始注释，不统一注释。训练时必须带 table_name/table_comment/schema context。
geometry_type,2,默认几何类型：Point、LineString、Polygon、Geometry ||| 几何类型：1 点、2 线、3 面、4 三维模型、5 影像,"wst_asset_type_dict, wt_service_directory",high,keep_original_comments_no_revision — train_only_with_table_context,不改写任何原始注释，不统一注释。训练时必须带 table_name/table_comment/schema context。
hydrological_indicator_codes,2,水位监测指标编号集合，逗号连接 ||| 水文监测指标id集合，逗号连接,"wm_hydrological_info, wm_station_info",high,keep_original_comments_no_revision — train_only_with_table_context,不改写任何原始注释，不统一注释。训练时必须带 table_name/table_comment/schema context。
hydrological_table_name,2,水位监测记录表名 ||| 水文监测记录表名,"wm_hydrological_info, wm_station_info",high,keep_original_comments_no_revision — train_only_with_table_context,不改写任何原始注释，不统一注释。训练时必须带 table_name/table_comment/schema context。
id,10,主键id ||| 主键ID ||| 主键 ||| id ||| 数据id ||| 监测站点的唯一id ||| 自增主键 ||| 断面id ||| 主键ID，同时作为 pgRouting 的边ID ||| 主键ID，同时作为 pgRouting 的 source/target 节点ID,"cf_auto_build_flag, day_quality_records, day_quality_setting, dc_survey_app, dc_survey_info, dc_survey_offline_sync, dc_survey_offline_upload, dc_survey_task, dc_survey_task_instance, dc_survey_track, gis_control_unit, gis_poi, gis_region, layer_entity_process, layer_entity_relation, min_value_setting, rs_enterprise_info_lsg, rs_enterprise_info_wade, rs_industrial_info_yc, rs_livestock_info_yc, rs_outlet, rs_pollutant_enterprise, rs_pollutant_info, rs_sewage_info_yc, rs_sewage_park_info, rs_warn_records, rs_wastewater_day_records, rs_wastewater_hour_records, rs_wastewater_month_records, rs_wastewater_standard, se_watershed_river, stg_sjtysj_cbwrwxtzlxxxt_b_anchorage_clean_company_df, stg_sjtysj_cbwrwxtzlxxxt_b_anchorage_info_df, stg_sjtysj_cbwrwxtzlxxxt_b_clean_company_df, stg_sjtysj_cbwrwxtzlxxxt_b_coordination_index_df, stg_sjtysj_cbwrwxtzlxxxt_b_day_pollution_weight_df, stg_sjtysj_cbwrwxtzlxxxt_b_day_receive_ship_kpi_df, stg_sjtysj_cbwrwxtzlxxxt_b_day_subject_num_df, stg_sjtysj_cbwrwxtzlxxxt_b_day_sxhy_df, stg_sjtysj_cbwrwxtzlxxxt_b_month_receive_ship_kpi_df, stg_sjtysj_cbwrwxtzlxxxt_b_order_receive_minute_df, stg_sjtysj_cbwrwxtzlxxxt_b_process_unit_info_df, stg_sjtysj_cbwrwxtzlxxxt_b_receive_ship_info_df, stg_sjtysj_cbwrwxtzlxxxt_b_transfer_car_df, stg_sjtysj_cbwrwxtzlxxxt_b_wharf_kpi_df, stg_sjtysj_cbwrwxtzlxxxt_p_apply_detail_df, stg_sjtysj_cbwrwxtzlxxxt_p_handover_trans_detail_df, stg_sjtysj_cbwrwxtzlxxxt_p_handover_trans_df, stg_sslhhpj_hbsxkqycszhslzhglptjsxm_rcm_rv_lk_res_df, stg_ycsjtysj_sxhyzssj_base_channel_df, stg_ycsjtysj_sxhyzssj_base_channel_level_df, stg_ycsjtysj_sxhyzssj_base_ship_df, stg_ycsjtysj_sxhyzssj_data_coverage_wharf_df, wh_hydrological_day_records, wh_hydrological_hour_records, wh_hydrological_records_1, wh_meteorological_day_records, wh_meteorological_hour_records, wh_meteorological_predict_day_records, wh_meteorological_predict_hour_records, wh_meteorological_records_1, wm_camera_info, wm_directory, wm_hydrological_info, wm_meteorological_info, wm_panorama_layer, wm_panorama_layer_relation, wm_panorama_video, wm_section_info, wm_section_wq_info, wm_station_info, wm_station_info_v2, wm_waterbody_info, wm_waterquality_day_records, wm_waterquality_hour_records, wm_waterquality_month_records, wm_waterquality_threshold, wm_waterquality_year_records, wst_asset, wst_asset_relation, wst_asset_trace_snap, wst_asset_type_dict, wst_control_zone, wst_relation_subtype_dict, wst_relation_type_dict, wst_trace_edge, wst_trace_node, wt_service_directory, wt_warnparm_config",high,keep_original_comments_no_revision — train_only_with_table_context,不改写任何原始注释，不统一注释。训练时必须带 table_name/table_comment/schema context。
image_path,3,图片地址：图片在minIO存储 ||| 缩略图路径 ||| 图片路径,"dc_survey_info, wm_raster_info, wm_water_source, wm_water_source_bak0421",high,keep_original_comments_no_revision — train_only_with_table_context,不改写任何原始注释，不统一注释。训练时必须带 table_name/table_comment/schema context。
img_url,2,码头图片 ||| 照片地址,"stg_ycsjtysj_sxhyzssj_data_coverage_wharf_df, wm_hydrological_info, wm_meteorological_info, wm_station_info, wm_waterbody_info",high,keep_original_comments_no_revision — train_only_with_table_context,不改写任何原始注释，不统一注释。训练时必须带 table_name/table_comment/schema context。
indicator_code,3,监测指标编号 ||| 指标编码 ||| 遥感监测分析项编码,"day_quality_setting, min_value_setting, rs_wastewater_standard, wh_hydrological_records_1, wh_meteorological_records_1, wm_raster_inversion, wt_warnparm_config",high,keep_original_comments_no_revision — train_only_with_table_context,不改写任何原始注释，不统一注释。训练时必须带 table_name/table_comment/schema context。
indicator_name,2,指标名称 ||| 指标项名称,"rs_wastewater_standard, wm_raster_inversion",high,keep_original_comments_no_revision — train_only_with_table_context,不改写任何原始注释，不统一注释。训练时必须带 table_name/table_comment/schema context。
is_deleted,2,是否删除 ||| 是否删除（true:已删除，false:未删除）,"wm_directory, wm_panorama_layer, wm_panorama_layer_relation, wm_panorama_video",high,keep_original_comments_no_revision — train_only_with_table_context,不改写任何原始注释，不统一注释。训练时必须带 table_name/table_comment/schema context。
jgjb,2,监管级别（代码集：ZXJC_WRYJGJB）：ZDWRY、YBWRY ||| 监管级别：ZD-重点、YB-一般,"rs_pollutant_enterprise, rs_pollutant_info",high,keep_original_comments_no_revision — train_only_with_table_context,不改写任何原始注释，不统一注释。训练时必须带 table_name/table_comment/schema context。
key_river_name,2,重点河名称 ||| 重点河湖名称,"rs_outlet, rs_outlet_info_v2",high,keep_original_comments_no_revision — train_only_with_table_context,不改写任何原始注释，不统一注释。训练时必须带 table_name/table_comment/schema context。
l1_value,2,最低标准 ||| 一级,"rs_wastewater_standard, wt_warnparm_config",high,keep_original_comments_no_revision — train_only_with_table_context,不改写任何原始注释，不统一注释。训练时必须带 table_name/table_comment/schema context。
l2_value,2,小时标准 ||| 二级,"rs_wastewater_standard, wt_warnparm_config",high,keep_original_comments_no_revision — train_only_with_table_context,不改写任何原始注释，不统一注释。训练时必须带 table_name/table_comment/schema context。
l3_value,2,日标准 ||| 三级,"rs_wastewater_standard, wt_warnparm_config",high,keep_original_comments_no_revision — train_only_with_table_context,不改写任何原始注释，不统一注释。训练时必须带 table_name/table_comment/schema context。
latitude,2,纬度 ||| WGS-84坐标系，如：39.780852,"stg_ycsjtysj_sxhyzssj_data_coverage_wharf_df, stg_ycssthjj_ltwsjgpt_t_sjzx_wry_jbxx_df, wm_panorama_layer, wst_asset, wst_trace_node",high,keep_original_comments_no_revision — train_only_with_table_context,不改写任何原始注释，不统一注释。训练时必须带 table_name/table_comment/schema context。
layer_id,2,图层ID ||| 所属全景图层ID,"wm_panorama_layer_relation, wm_panorama_video",high,keep_original_comments_no_revision — train_only_with_table_context,不改写任何原始注释，不统一注释。训练时必须带 table_name/table_comment/schema context。
legal_person,2,法人 ||| 法人代表,"stg_sjtysj_cbwrwxtzlxxxt_b_clean_company_df, stg_sjtysj_cbwrwxtzlxxxt_b_process_unit_info_df, stg_sjtysj_cbwrwxtzlxxxt_b_wharf_info_df",high,keep_original_comments_no_revision — train_only_with_table_context,不改写任何原始注释，不统一注释。训练时必须带 table_name/table_comment/schema context。
length,2,船长 ||| 水体长度（km）,"stg_ycsjtysj_sxhyzssj_data_ship_info_df, wm_waterbody_info",high,keep_original_comments_no_revision — train_only_with_table_context,不改写任何原始注释，不统一注释。训练时必须带 table_name/table_comment/schema context。
level,3,航道等级 ||| 级别：乡镇、区县 ||| 级别,"stg_ycsjtysj_sxhyzssj_base_channel_level_df, wm_water_intake, wm_water_source, wm_water_source_bak0421",high,keep_original_comments_no_revision — train_only_with_table_context,不改写任何原始注释，不统一注释。训练时必须带 table_name/table_comment/schema context。
liaison,2,环保联系人 ||| 联系人,"rs_enterprise_info_wade, rs_livestock_info_yc",high,keep_original_comments_no_revision — train_only_with_table_context,不改写任何原始注释，不统一注释。训练时必须带 table_name/table_comment/schema context。
liaison_tel,2,环保联系人电话 ||| 联系人电话,"rs_enterprise_info_wade, rs_livestock_info_yc",high,keep_original_comments_no_revision — train_only_with_table_context,不改写任何原始注释，不统一注释。训练时必须带 table_name/table_comment/schema context。
ll,3,日流量（各小时流量的平均值） ||| 流量 ||| 月流量（各日流量的平均值）,"rs_wastewater_day_records, rs_wastewater_hour_records, rs_wastewater_month_records",high,keep_original_comments_no_revision — train_only_with_table_context,不改写任何原始注释，不统一注释。训练时必须带 table_name/table_comment/schema context。
ll_count,2,日流量有效数据计数（参与平均的小时数） ||| 月流量有效数据计数（参与平均的天数）,"rs_wastewater_day_records, rs_wastewater_month_records",high,keep_original_comments_no_revision — train_only_with_table_context,不改写任何原始注释，不统一注释。训练时必须带 table_name/table_comment/schema context。
longitude,2,经度 ||| WGS-84坐标系，如：116.681291,"stg_ycsjtysj_sxhyzssj_data_coverage_wharf_df, stg_ycssthjj_ltwsjgpt_t_sjzx_wry_jbxx_df, wm_panorama_layer, wst_asset, wst_trace_node",high,keep_original_comments_no_revision — train_only_with_table_context,不改写任何原始注释，不统一注释。训练时必须带 table_name/table_comment/schema context。
m10_count,3,m10 当日有效数据计数 ||| m10 当月有效数据计数 ||| 记录数10,"rs_wastewater_day_records, rs_wastewater_month_records, wh_hydrological_day_records, wh_meteorological_day_records, wm_waterquality_day_records, wm_waterquality_month_records, wm_waterquality_year_records",high,keep_original_comments_no_revision — train_only_with_table_context,不改写任何原始注释，不统一注释。训练时必须带 table_name/table_comment/schema context。
m10_status,2,m10_status ||| 监测结果：0 正常、1 超标,"rs_wastewater_hour_records, wm_waterquality_hour_records",high,keep_original_comments_no_revision — train_only_with_table_context,不改写任何原始注释，不统一注释。训练时必须带 table_name/table_comment/schema context。
m10_value,8,【PS】石油类日平均值 / 【PQ】甲苯日平均值 ||| m10_value ||| 【PS】石油类月平均值 / 【PQ】甲苯月平均值 ||| 累计降雨量（mm） ||| 化学需氧量监测值 ||| 叶绿素a监测值 ||| 叶绿素a ||| 叶绿素a阈值(ug/L),"rs_wastewater_day_records, rs_wastewater_hour_records, rs_wastewater_month_records, wh_hydrological_day_records, wh_hydrological_hour_records, wh_meteorological_day_records, wh_meteorological_hour_records, wm_waterquality_day_records, wm_waterquality_hour_records, wm_waterquality_month_records, wm_waterquality_threshold, wm_waterquality_year_records",high,keep_original_comments_no_revision — train_only_with_table_context,不改写任何原始注释，不统一注释。训练时必须带 table_name/table_comment/schema context。
m11_count,3,m11 当日有效数据计数 ||| m11 当月有效数据计数 ||| 记录数11,"rs_wastewater_day_records, rs_wastewater_month_records, wh_meteorological_day_records, wm_waterquality_day_records, wm_waterquality_month_records, wm_waterquality_year_records",high,keep_original_comments_no_revision — train_only_with_table_context,不改写任何原始注释，不统一注释。训练时必须带 table_name/table_comment/schema context。
m11_status,2,m11_status ||| 监测结果：0 正常、1 超标,"rs_wastewater_hour_records, wm_waterquality_hour_records",high,keep_original_comments_no_revision — train_only_with_table_context,不改写任何原始注释，不统一注释。训练时必须带 table_name/table_comment/schema context。
m11_value,7,"【PS】氟化物日平均值 / 【PQ】二甲苯日平均值 ||| m11_value ||| 【PS】氟化物月平均值 / 【PQ】二甲苯月平均
 值 ||| 监测值 ||| 藻密度监测值 ||| 藻密度 ||| 藻密度阈值(cell/mL)","rs_wastewater_day_records, rs_wastewater_hour_records, rs_wastewater_month_records, wh_meteorological_day_records, wh_meteorological_hour_records, wm_waterquality_day_records, wm_waterquality_hour_records, wm_waterquality_month_records, wm_waterquality_threshold, wm_waterquality_year_records",high,keep_original_comments_no_revision — train_only_with_table_context,不改写任何原始注释，不统一注释。训练时必须带 table_name/table_comment/schema context。
m12_count,3,m12 当日有效数据计数 ||| m12 当月有效数据计数 ||| 记录数12,"rs_wastewater_day_records, rs_wastewater_month_records, wh_meteorological_day_records, wm_waterquality_day_records, wm_waterquality_month_records, wm_waterquality_year_records",high,keep_original_comments_no_revision — train_only_with_table_context,不改写任何原始注释，不统一注释。训练时必须带 table_name/table_comment/schema context。
m12_status,2,m12_status ||| 监测结果：0 正常、1 超标,"rs_wastewater_hour_records, wm_waterquality_hour_records",high,keep_original_comments_no_revision — train_only_with_table_context,不改写任何原始注释，不统一注释。训练时必须带 table_name/table_comment/schema context。
m12_value,7,"【PS】总铬日平均值 / 【PQ】碳氢化合物日平均
 值 ||| m12_value ||| 【PS】总铬月平均值 / 【PQ】碳氢化合物月平
 均值 ||| 监测值 ||| 化学需氧量监测值 ||| 化学需氧量 ||| 化学需氧量阈值(mg/L)","rs_wastewater_day_records, rs_wastewater_hour_records, rs_wastewater_month_records, wh_meteorological_day_records, wh_meteorological_hour_records, wm_waterquality_day_records, wm_waterquality_hour_records, wm_waterquality_month_records, wm_waterquality_threshold, wm_waterquality_year_records",high,keep_original_comments_no_revision — train_only_with_table_context,不改写任何原始注释，不统一注释。训练时必须带 table_name/table_comment/schema context。
m13_count,3,m13 当日有效数据计数 ||| m13 当月有效数据计数 ||| 记录数13,"rs_wastewater_day_records, rs_wastewater_month_records, wh_meteorological_day_records, wm_waterquality_day_records, wm_waterquality_month_records, wm_waterquality_year_records",high,keep_original_comments_no_revision — train_only_with_table_context,不改写任何原始注释，不统一注释。训练时必须带 table_name/table_comment/schema context。
m13_status,2,m13_status ||| 监测结果：0 正常、1 超标,"rs_wastewater_hour_records, wm_waterquality_hour_records",high,keep_original_comments_no_revision — train_only_with_table_context,不改写任何原始注释，不统一注释。训练时必须带 table_name/table_comment/schema context。
m13_value,7,【PS】氰化物日平均值 / 【PQ】甲烷日平均值 ||| m13_value ||| 【PS】氰化物月平均值 / 【PQ】甲烷月平均值 ||| 监测值 ||| 五日生化需氧量监测值 ||| 五日生化需氧量 ||| 五日生化需氧量阈值(mg/L),"rs_wastewater_day_records, rs_wastewater_hour_records, rs_wastewater_month_records, wh_meteorological_day_records, wh_meteorological_hour_records, wm_waterquality_day_records, wm_waterquality_hour_records, wm_waterquality_month_records, wm_waterquality_threshold, wm_waterquality_year_records",high,keep_original_comments_no_revision — train_only_with_table_context,不改写任何原始注释，不统一注释。训练时必须带 table_name/table_comment/schema context。
m14_count,3,m14 当日有效数据计数 ||| m14 当月有效数据计数 ||| 记录数14,"rs_wastewater_day_records, rs_wastewater_month_records, wh_meteorological_day_records, wm_waterquality_day_records, wm_waterquality_month_records, wm_waterquality_year_records",high,keep_original_comments_no_revision — train_only_with_table_context,不改写任何原始注释，不统一注释。训练时必须带 table_name/table_comment/schema context。
m14_status,2,m14_status ||| 监测结果：0 正常、1 超标,"rs_wastewater_hour_records, wm_waterquality_hour_records",high,keep_original_comments_no_revision — train_only_with_table_context,不改写任何原始注释，不统一注释。训练时必须带 table_name/table_comment/schema context。
m14_value,6,【PS】总锰日平均值 / 【PQ】氟化氢日平均值 ||| m14_value ||| 【PS】总锰月平均值 / 【PQ】氟化氢月平均值 ||| 监测值 ||| 铜 ||| 铜阈值(mg/L),"rs_wastewater_day_records, rs_wastewater_hour_records, rs_wastewater_month_records, wh_meteorological_day_records, wh_meteorological_hour_records, wm_waterquality_day_records, wm_waterquality_hour_records, wm_waterquality_month_records, wm_waterquality_threshold, wm_waterquality_year_records",high,keep_original_comments_no_revision — train_only_with_table_context,不改写任何原始注释，不统一注释。训练时必须带 table_name/table_comment/schema context。
m15_count,3,m15 当日有效数据计数 ||| m15 当月有效数据计数 ||| 记录数15,"rs_wastewater_day_records, rs_wastewater_month_records, wh_meteorological_day_records, wm_waterquality_day_records, wm_waterquality_month_records, wm_waterquality_year_records",high,keep_original_comments_no_revision — train_only_with_table_context,不改写任何原始注释，不统一注释。训练时必须带 table_name/table_comment/schema context。
m15_status,2,m15_status ||| 监测结果：0 正常、1 超标,"rs_wastewater_hour_records, wm_waterquality_hour_records",high,keep_original_comments_no_revision — train_only_with_table_context,不改写任何原始注释，不统一注释。训练时必须带 table_name/table_comment/schema context。
m15_value,6,"【PS】总银日平均值 / 【PQ】二氧化碳日平均值 ||| m15_value ||| 【PS】总银月平均值 / 【PQ】二氧化碳月平均
 值 ||| 监测值 ||| 锌 ||| 硒阈值(mg/L)","rs_wastewater_day_records, rs_wastewater_hour_records, rs_wastewater_month_records, wh_meteorological_day_records, wh_meteorological_hour_records, wm_waterquality_day_records, wm_waterquality_hour_records, wm_waterquality_month_records, wm_waterquality_threshold, wm_waterquality_year_records",high,keep_original_comments_no_revision — train_only_with_table_context,不改写任何原始注释，不统一注释。训练时必须带 table_name/table_comment/schema context。
m16_count,3,m16 当日有效数据计数 ||| m16 当月有效数据计数 ||| 记录数16,"rs_wastewater_day_records, rs_wastewater_month_records, wm_waterquality_day_records, wm_waterquality_month_records, wm_waterquality_year_records",high,keep_original_comments_no_revision — train_only_with_table_context,不改写任何原始注释，不统一注释。训练时必须带 table_name/table_comment/schema context。
m16_status,2,m16_status ||| 监测结果：0 正常、1 超标,"rs_wastewater_hour_records, wm_waterquality_hour_records",high,keep_original_comments_no_revision — train_only_with_table_context,不改写任何原始注释，不统一注释。训练时必须带 table_name/table_comment/schema context。
m16_value,6,"【PS】总铜日平均值 / 【PQ】1,3-二甲基苯日平
 均值 ||| m16_value ||| 【PS】总铜月平均值 / 【PQ】1,3-二甲基苯月
 平均值 ||| 监测值 ||| 氟化物 ||| 锌阈值(mg/L)","rs_wastewater_day_records, rs_wastewater_hour_records, rs_wastewater_month_records, wm_waterquality_day_records, wm_waterquality_hour_records, wm_waterquality_month_records, wm_waterquality_threshold, wm_waterquality_year_records",high,keep_original_comments_no_revision — train_only_with_table_context,不改写任何原始注释，不统一注释。训练时必须带 table_name/table_comment/schema context。
m17_count,3,m17 当日有效数据计数 ||| m17 当月有效数据计数 ||| 记录数17,"rs_wastewater_day_records, rs_wastewater_month_records, wm_waterquality_day_records, wm_waterquality_month_records, wm_waterquality_year_records",high,keep_original_comments_no_revision — train_only_with_table_context,不改写任何原始注释，不统一注释。训练时必须带 table_name/table_comment/schema context。
m17_status,2,m17_status ||| 监测结果：0 正常、1 超标,"rs_wastewater_hour_records, wm_waterquality_hour_records",high,keep_original_comments_no_revision — train_only_with_table_context,不改写任何原始注释，不统一注释。训练时必须带 table_name/table_comment/schema context。
m17_value,6,"【PS】总镍日平均值 / 【PQ】乙烯基苯(苯乙烯)
 日平均值 ||| m17_value ||| 【PS】总镍月平均值 / 【PQ】乙烯基苯(苯乙烯
 )月平均值 ||| 监测值 ||| 硒 ||| 氟化物阈值(mg/L)","rs_wastewater_day_records, rs_wastewater_hour_records, rs_wastewater_month_records, wm_waterquality_day_records, wm_waterquality_hour_records, wm_waterquality_month_records, wm_waterquality_threshold, wm_waterquality_year_records",high,keep_original_comments_no_revision — train_only_with_table_context,不改写任何原始注释，不统一注释。训练时必须带 table_name/table_comment/schema context。
m18_count,3,m18 当日有效数据计数 ||| m18 当月有效数据计数 ||| 记录数18,"rs_wastewater_day_records, rs_wastewater_month_records, wm_waterquality_day_records, wm_waterquality_month_records, wm_waterquality_year_records",high,keep_original_comments_no_revision — train_only_with_table_context,不改写任何原始注释，不统一注释。训练时必须带 table_name/table_comment/schema context。
m18_status,2,m18_status ||| 监测结果：0 正常、1 超标,"rs_wastewater_hour_records, wm_waterquality_hour_records",high,keep_original_comments_no_revision — train_only_with_table_context,不改写任何原始注释，不统一注释。训练时必须带 table_name/table_comment/schema context。
m18_value,6,【PS】总镉日平均值 / 【PQ】乙苯日平均值 ||| m18_value ||| 【PS】总镉月平均值 / 【PQ】乙苯月平均值 ||| 监测值 ||| 砷 ||| 砷阈值(mg/L),"rs_wastewater_day_records, rs_wastewater_hour_records, rs_wastewater_month_records, wm_waterquality_day_records, wm_waterquality_hour_records, wm_waterquality_month_records, wm_waterquality_threshold, wm_waterquality_year_records",high,keep_original_comments_no_revision — train_only_with_table_context,不改写任何原始注释，不统一注释。训练时必须带 table_name/table_comment/schema context。
m19_count,3,m19 当日有效数据计数 ||| m19 当月有效数据计数 ||| 记录数19,"rs_wastewater_day_records, rs_wastewater_month_records, wm_waterquality_day_records, wm_waterquality_month_records, wm_waterquality_year_records",high,keep_original_comments_no_revision — train_only_with_table_context,不改写任何原始注释，不统一注释。训练时必须带 table_name/table_comment/schema context。
m19_status,2,m19_status ||| 监测结果：0 正常、1 超标,"rs_wastewater_hour_records, wm_waterquality_hour_records",high,keep_original_comments_no_revision — train_only_with_table_context,不改写任何原始注释，不统一注释。训练时必须带 table_name/table_comment/schema context。
m19_value,6,"【PS】总砷日平均值 / 【PQ】1,2-二甲基苯日平
 均值 ||| m19_value ||| 【PS】总砷月平均值 / 【PQ】1,2-二甲基苯月
 平均值 ||| 监测值 ||| 汞 ||| 汞阈值(mg/L)","rs_wastewater_day_records, rs_wastewater_hour_records, rs_wastewater_month_records, wm_waterquality_day_records, wm_waterquality_hour_records, wm_waterquality_month_records, wm_waterquality_threshold, wm_waterquality_year_records",high,keep_original_comments_no_revision — train_only_with_table_context,不改写任何原始注释，不统一注释。训练时必须带 table_name/table_comment/schema context。
m1_count,3,m1 当日有效数据计数 ||| m1 当月有效数据计数 ||| 记录数1,"rs_wastewater_day_records, rs_wastewater_month_records, wh_hydrological_day_records, wh_meteorological_day_records, wm_waterquality_day_records, wm_waterquality_month_records, wm_waterquality_year_records",high,keep_original_comments_no_revision — train_only_with_table_context,不改写任何原始注释，不统一注释。训练时必须带 table_name/table_comment/schema context。
m1_status,2,m1_status ||| 监测结果：0 正常、1 超标,"rs_wastewater_hour_records, wm_waterquality_hour_records",high,keep_original_comments_no_revision — train_only_with_table_context,不改写任何原始注释，不统一注释。训练时必须带 table_name/table_comment/schema context。
m1_value,8,"【PS】化学需氧量(COD)日平均值 / 【PQ】烟尘日
 平均值 ||| m1_value ||| 【PS】化学需氧量(COD)月平均值 / 【PQ】烟尘
 月平均值 ||| 水深（单位米） ||| 风速（单位m/s） ||| 风速（m/s） ||| 水温监测值 ||| 水温阈值(℃)","rs_wastewater_day_records, rs_wastewater_hour_records, rs_wastewater_month_records, wh_hydrological_day_records, wh_hydrological_hour_records, wh_meteorological_day_records, wh_meteorological_hour_records, wm_waterquality_day_records, wm_waterquality_hour_records, wm_waterquality_month_records, wm_waterquality_threshold, wm_waterquality_year_records",high,keep_original_comments_no_revision — train_only_with_table_context,不改写任何原始注释，不统一注释。训练时必须带 table_name/table_comment/schema context。
m20_count,3,m20 当日有效数据计数 ||| m20 当月有效数据计数 ||| 记录数20,"rs_wastewater_day_records, rs_wastewater_month_records, wm_waterquality_day_records, wm_waterquality_month_records, wm_waterquality_year_records",high,keep_original_comments_no_revision — train_only_with_table_context,不改写任何原始注释，不统一注释。训练时必须带 table_name/table_comment/schema context。
m20_status,2,m20_status ||| 监测结果：0 正常、1 超标,"rs_wastewater_hour_records, wm_waterquality_hour_records",high,keep_original_comments_no_revision — train_only_with_table_context,不改写任何原始注释，不统一注释。训练时必须带 table_name/table_comment/schema context。
m20_value,6,【PS】总铅日平均值 / 【PQ】氨(NH3)日平均值 ||| m20_value ||| 【PS】总铅月平均值 / 【PQ】氨(NH3)月平均值 ||| 监测值 ||| 镉 ||| 镉阈值(mg/L),"rs_wastewater_day_records, rs_wastewater_hour_records, rs_wastewater_month_records, wm_waterquality_day_records, wm_waterquality_hour_records, wm_waterquality_month_records, wm_waterquality_threshold, wm_waterquality_year_records",high,keep_original_comments_no_revision — train_only_with_table_context,不改写任何原始注释，不统一注释。训练时必须带 table_name/table_comment/schema context。
m21_count,3,m21 当日有效数据计数（仅排水口） ||| m21 当月有效数据计数（仅排水口） ||| 记录数21,"rs_wastewater_day_records, rs_wastewater_month_records, wm_waterquality_day_records, wm_waterquality_month_records, wm_waterquality_year_records",high,keep_original_comments_no_revision — train_only_with_table_context,不改写任何原始注释，不统一注释。训练时必须带 table_name/table_comment/schema context。
m21_status,2,m21_status ||| 监测结果：0 正常、1 超标,"rs_wastewater_hour_records, wm_waterquality_hour_records",high,keep_original_comments_no_revision — train_only_with_table_context,不改写任何原始注释，不统一注释。训练时必须带 table_name/table_comment/schema context。
m21_value,6,【PS】浊度日平均值（仅排水口） ||| m21_value ||| 【PS】浊度月平均值（仅排水口） ||| 监测值 ||| 铬 ||| 铬阈值(mg/L),"rs_wastewater_day_records, rs_wastewater_hour_records, rs_wastewater_month_records, wm_waterquality_day_records, wm_waterquality_hour_records, wm_waterquality_month_records, wm_waterquality_threshold, wm_waterquality_year_records",high,keep_original_comments_no_revision — train_only_with_table_context,不改写任何原始注释，不统一注释。训练时必须带 table_name/table_comment/schema context。
m22_count,3,m22 当日有效数据计数（仅排水口） ||| m22 当月有效数据计数（仅排水口） ||| 记录数22,"rs_wastewater_day_records, rs_wastewater_month_records, wm_waterquality_day_records, wm_waterquality_month_records, wm_waterquality_year_records",high,keep_original_comments_no_revision — train_only_with_table_context,不改写任何原始注释，不统一注释。训练时必须带 table_name/table_comment/schema context。
m22_status,2,m22_status ||| 监测结果：0 正常、1 超标,"rs_wastewater_hour_records, wm_waterquality_hour_records",high,keep_original_comments_no_revision — train_only_with_table_context,不改写任何原始注释，不统一注释。训练时必须带 table_name/table_comment/schema context。
m22_value,6,【PS】总锌日平均值（仅排水口） ||| m22_value ||| 【PS】总锌月平均值（仅排水口） ||| 监测值 ||| 铅 ||| 铅阈值(mg/L),"rs_wastewater_day_records, rs_wastewater_hour_records, rs_wastewater_month_records, wm_waterquality_day_records, wm_waterquality_hour_records, wm_waterquality_month_records, wm_waterquality_threshold, wm_waterquality_year_records",high,keep_original_comments_no_revision — train_only_with_table_context,不改写任何原始注释，不统一注释。训练时必须带 table_name/table_comment/schema context。
m23_value,3,监测值 ||| 氰化物 ||| 氰化物阈值(mg/L),"wm_waterquality_day_records, wm_waterquality_hour_records, wm_waterquality_month_records, wm_waterquality_threshold, wm_waterquality_year_records",high,keep_original_comments_no_revision — train_only_with_table_context,不改写任何原始注释，不统一注释。训练时必须带 table_name/table_comment/schema context。
m24_value,3,监测值 ||| 挥发酚 ||| 挥发酚阈值(mg/L),"wm_waterquality_day_records, wm_waterquality_hour_records, wm_waterquality_month_records, wm_waterquality_threshold, wm_waterquality_year_records",high,keep_original_comments_no_revision — train_only_with_table_context,不改写任何原始注释，不统一注释。训练时必须带 table_name/table_comment/schema context。
m25_value,3,监测值 ||| 石油类 ||| 石油类阈值(mg/L),"wm_waterquality_day_records, wm_waterquality_hour_records, wm_waterquality_month_records, wm_waterquality_threshold, wm_waterquality_year_records",high,keep_original_comments_no_revision — train_only_with_table_context,不改写任何原始注释，不统一注释。训练时必须带 table_name/table_comment/schema context。
m26_value,3,监测值 ||| 阴离子表面活性剂 ||| 阴离子表面活性剂阈值(mg/L),"wm_waterquality_day_records, wm_waterquality_hour_records, wm_waterquality_month_records, wm_waterquality_threshold, wm_waterquality_year_records",high,keep_original_comments_no_revision — train_only_with_table_context,不改写任何原始注释，不统一注释。训练时必须带 table_name/table_comment/schema context。
m27_value,3,监测值 ||| 硫化物 ||| 硫化物阈值(mg/L),"wm_waterquality_day_records, wm_waterquality_hour_records, wm_waterquality_month_records, wm_waterquality_threshold, wm_waterquality_year_records",high,keep_original_comments_no_revision — train_only_with_table_context,不改写任何原始注释，不统一注释。训练时必须带 table_name/table_comment/schema context。
m28_value,3,监测值 ||| 水中油 ||| 水中油阈值(mg/L),"wm_waterquality_day_records, wm_waterquality_hour_records, wm_waterquality_month_records, wm_waterquality_threshold, wm_waterquality_year_records",high,keep_original_comments_no_revision — train_only_with_table_context,不改写任何原始注释，不统一注释。训练时必须带 table_name/table_comment/schema context。
m29_value,4,监测值29 ||| 监测值 ||| 硝酸盐 ||| 硝酸盐阈值(mg/L),"wm_waterquality_day_records, wm_waterquality_hour_records, wm_waterquality_month_records, wm_waterquality_threshold",high,keep_original_comments_no_revision — train_only_with_table_context,不改写任何原始注释，不统一注释。训练时必须带 table_name/table_comment/schema context。
m2_count,3,m2 当日有效数据计数 ||| m2 当月有效数据计数 ||| 记录数2,"rs_wastewater_day_records, rs_wastewater_month_records, wh_hydrological_day_records, wh_meteorological_day_records, wm_waterquality_day_records, wm_waterquality_month_records, wm_waterquality_year_records",high,keep_original_comments_no_revision — train_only_with_table_context,不改写任何原始注释，不统一注释。训练时必须带 table_name/table_comment/schema context。
m2_status,2,m2_status ||| 监测结果：0 正常、1 超标,"rs_wastewater_hour_records, wm_waterquality_hour_records",high,keep_original_comments_no_revision — train_only_with_table_context,不改写任何原始注释，不统一注释。训练时必须带 table_name/table_comment/schema context。
m2_value,7,"【PS】总氮(TN)日平均值 / 【PQ】二氧化硫日平均
 值 ||| m2_value ||| 【PS】总氮(TN)月平均值 / 【PQ】二氧化硫月平
 均值 ||| 流速（单位m/s） ||| 风向 ||| PH监测值 ||| pH阈值(无量纲)","rs_wastewater_day_records, rs_wastewater_hour_records, rs_wastewater_month_records, wh_hydrological_day_records, wh_hydrological_hour_records, wh_meteorological_day_records, wh_meteorological_hour_records, wm_waterquality_day_records, wm_waterquality_hour_records, wm_waterquality_month_records, wm_waterquality_threshold, wm_waterquality_year_records",high,keep_original_comments_no_revision — train_only_with_table_context,不改写任何原始注释，不统一注释。训练时必须带 table_name/table_comment/schema context。
m30_value,4,监测值30 ||| 监测值 ||| 生物毒性 ||| 生物毒性阈值(%),"wm_waterquality_day_records, wm_waterquality_hour_records, wm_waterquality_month_records, wm_waterquality_threshold",high,keep_original_comments_no_revision — train_only_with_table_context,不改写任何原始注释，不统一注释。训练时必须带 table_name/table_comment/schema context。
m31_value,4,监测值31 ||| 监测值 ||| 大肠杆菌 ||| 大肠杆菌阈值(cell/L),"wm_waterquality_day_records, wm_waterquality_hour_records, wm_waterquality_month_records, wm_waterquality_threshold",high,keep_original_comments_no_revision — train_only_with_table_context,不改写任何原始注释，不统一注释。训练时必须带 table_name/table_comment/schema context。
m3_count,3,m3 当日有效数据计数 ||| m3 当月有效数据计数 ||| 记录数3,"rs_wastewater_day_records, rs_wastewater_month_records, wh_hydrological_day_records, wh_meteorological_day_records, wm_waterquality_day_records, wm_waterquality_month_records, wm_waterquality_year_records",high,keep_original_comments_no_revision — train_only_with_table_context,不改写任何原始注释，不统一注释。训练时必须带 table_name/table_comment/schema context。
m3_status,2,m3_status ||| 监测结果：0 正常、2 偏低,"rs_wastewater_hour_records, wm_waterquality_hour_records",high,keep_original_comments_no_revision — train_only_with_table_context,不改写任何原始注释，不统一注释。训练时必须带 table_name/table_comment/schema context。
m3_value,8,【PS】pH日平均值 / 【PQ】氮氧化物日平均值 ||| m3_value ||| 【PS】pH月平均值 / 【PQ】氮氧化物月平均值 ||| 流量（单位m3/s） ||| 气压（单位hPa） ||| 气压（hPa） ||| 溶解氧监测值 ||| 溶解氧阈值(mg/L),"rs_wastewater_day_records, rs_wastewater_hour_records, rs_wastewater_month_records, wh_hydrological_day_records, wh_hydrological_hour_records, wh_meteorological_day_records, wh_meteorological_hour_records, wm_waterquality_day_records, wm_waterquality_hour_records, wm_waterquality_month_records, wm_waterquality_threshold, wm_waterquality_year_records",high,keep_original_comments_no_revision — train_only_with_table_context,不改写任何原始注释，不统一注释。训练时必须带 table_name/table_comment/schema context。
m4_count,3,m4 当日有效数据计数 ||| m4 当月有效数据计数 ||| 记录数4,"rs_wastewater_day_records, rs_wastewater_month_records, wh_hydrological_day_records, wh_meteorological_day_records, wm_waterquality_day_records, wm_waterquality_month_records, wm_waterquality_year_records",high,keep_original_comments_no_revision — train_only_with_table_context,不改写任何原始注释，不统一注释。训练时必须带 table_name/table_comment/schema context。
m4_status,2,m4_status ||| 监测结果：0 正常、1 超标,"rs_wastewater_hour_records, wm_waterquality_hour_records",high,keep_original_comments_no_revision — train_only_with_table_context,不改写任何原始注释，不统一注释。训练时必须带 table_name/table_comment/schema context。
m4_value,7,【PS】氨氮日平均值 / 【PQ】一氧化氮日平均值 ||| m4_value ||| 【PS】氨氮月平均值 / 【PQ】一氧化氮月平均值 ||| 气温（单位℃） ||| 气温（℃） ||| 浊度监测值 ||| 浊度阈值(NTU),"rs_wastewater_day_records, rs_wastewater_hour_records, rs_wastewater_month_records, wh_hydrological_day_records, wh_hydrological_hour_records, wh_meteorological_day_records, wh_meteorological_hour_records, wm_waterquality_day_records, wm_waterquality_hour_records, wm_waterquality_month_records, wm_waterquality_threshold, wm_waterquality_year_records",high,keep_original_comments_no_revision — train_only_with_table_context,不改写任何原始注释，不统一注释。训练时必须带 table_name/table_comment/schema context。
m5_count,3,m5 当日有效数据计数 ||| m5 当月有效数据计数 ||| 记录数5,"rs_wastewater_day_records, rs_wastewater_month_records, wh_hydrological_day_records, wh_meteorological_day_records, wm_waterquality_day_records, wm_waterquality_month_records, wm_waterquality_year_records",high,keep_original_comments_no_revision — train_only_with_table_context,不改写任何原始注释，不统一注释。训练时必须带 table_name/table_comment/schema context。
m5_status,2,m5_status ||| 监测结果：0 正常、1 超标,"rs_wastewater_hour_records, wm_waterquality_hour_records",high,keep_original_comments_no_revision — train_only_with_table_context,不改写任何原始注释，不统一注释。训练时必须带 table_name/table_comment/schema context。
m5_value,7,【PS】水温日平均值 / 【PQ】二氧化氮日平均值 ||| m5_value ||| 【PS】水温月平均值 / 【PQ】二氧化氮月平均值 ||| 相对湿度（单位RH） ||| 相对湿度（%） ||| 电导率监测值 ||| 电导率阈值(μS/cm),"rs_wastewater_day_records, rs_wastewater_hour_records, rs_wastewater_month_records, wh_hydrological_day_records, wh_hydrological_hour_records, wh_meteorological_day_records, wh_meteorological_hour_records, wm_waterquality_day_records, wm_waterquality_hour_records, wm_waterquality_month_records, wm_waterquality_threshold, wm_waterquality_year_records",high,keep_original_comments_no_revision — train_only_with_table_context,不改写任何原始注释，不统一注释。训练时必须带 table_name/table_comment/schema context。
m6_count,3,m6 当日有效数据计数 ||| m6 当月有效数据计数 ||| 记录数6,"rs_wastewater_day_records, rs_wastewater_month_records, wh_hydrological_day_records, wh_meteorological_day_records, wm_waterquality_day_records, wm_waterquality_month_records, wm_waterquality_year_records",high,keep_original_comments_no_revision — train_only_with_table_context,不改写任何原始注释，不统一注释。训练时必须带 table_name/table_comment/schema context。
m6_status,2,m6_status ||| 监测结果：0 正常、1 超标,"rs_wastewater_hour_records, wm_waterquality_hour_records",high,keep_original_comments_no_revision — train_only_with_table_context,不改写任何原始注释，不统一注释。训练时必须带 table_name/table_comment/schema context。
m6_value,7,【PS】总磷日平均值 / 【PQ】一氧化碳日平均值 ||| m6_value ||| 【PS】总磷月平均值 / 【PQ】一氧化碳月平均值 ||| 雨量（单位mm/m2） ||| 分钟降雨量（mm） ||| 氨氮监测值 ||| 氨氮阈值(mg/L),"rs_wastewater_day_records, rs_wastewater_hour_records, rs_wastewater_month_records, wh_hydrological_day_records, wh_hydrological_hour_records, wh_meteorological_day_records, wh_meteorological_hour_records, wm_waterquality_day_records, wm_waterquality_hour_records, wm_waterquality_month_records, wm_waterquality_threshold, wm_waterquality_year_records",high,keep_original_comments_no_revision — train_only_with_table_context,不改写任何原始注释，不统一注释。训练时必须带 table_name/table_comment/schema context。
m7_count,3,m7 当日有效数据计数 ||| m7 当月有效数据计数 ||| 记录数7,"rs_wastewater_day_records, rs_wastewater_month_records, wh_hydrological_day_records, wh_meteorological_day_records, wm_waterquality_day_records, wm_waterquality_month_records, wm_waterquality_year_records",high,keep_original_comments_no_revision — train_only_with_table_context,不改写任何原始注释，不统一注释。训练时必须带 table_name/table_comment/schema context。
m7_status,2,m7_status ||| 监测结果：0 正常、1 超标,"rs_wastewater_hour_records, wm_waterquality_hour_records",high,keep_original_comments_no_revision — train_only_with_table_context,不改写任何原始注释，不统一注释。训练时必须带 table_name/table_comment/schema context。
m7_value,6,【PS】悬浮物日平均值 / 【PQ】氯化氢日平均值 ||| m7_value ||| 【PS】悬浮物月平均值 / 【PQ】氯化氢月平均值 ||| 蒸发量（单位mm/m2） ||| 高锰酸盐指数监测值 ||| 高锰酸盐指数阈值(mg/L),"rs_wastewater_day_records, rs_wastewater_hour_records, rs_wastewater_month_records, wh_hydrological_day_records, wh_hydrological_hour_records, wh_meteorological_day_records, wh_meteorological_hour_records, wm_waterquality_day_records, wm_waterquality_hour_records, wm_waterquality_month_records, wm_waterquality_threshold, wm_waterquality_year_records",high,keep_original_comments_no_revision — train_only_with_table_context,不改写任何原始注释，不统一注释。训练时必须带 table_name/table_comment/schema context。
m8_count,3,m8 当日有效数据计数 ||| m8 当月有效数据计数 ||| 记录数8,"rs_wastewater_day_records, rs_wastewater_month_records, wh_hydrological_day_records, wh_meteorological_day_records, wm_waterquality_day_records, wm_waterquality_month_records, wm_waterquality_year_records",high,keep_original_comments_no_revision — train_only_with_table_context,不改写任何原始注释，不统一注释。训练时必须带 table_name/table_comment/schema context。
m8_status,2,m8_status ||| 监测结果：0 正常、1 超标,"rs_wastewater_hour_records, wm_waterquality_hour_records",high,keep_original_comments_no_revision — train_only_with_table_context,不改写任何原始注释，不统一注释。训练时必须带 table_name/table_comment/schema context。
m8_value,6,"【PS】余氯日平均值 / 【PQ】非甲烷总烃日平均值 ||| m8_value ||| 【PS】余氯月平均值 / 【PQ】非甲烷总烃月平均
 值 ||| 小时降雨量（mm） ||| 总磷监测值 ||| 总磷阈值(mg/L)","rs_wastewater_day_records, rs_wastewater_hour_records, rs_wastewater_month_records, wh_hydrological_day_records, wh_hydrological_hour_records, wh_meteorological_day_records, wh_meteorological_hour_records, wm_waterquality_day_records, wm_waterquality_hour_records, wm_waterquality_month_records, wm_waterquality_threshold, wm_waterquality_year_records",high,keep_original_comments_no_revision — train_only_with_table_context,不改写任何原始注释，不统一注释。训练时必须带 table_name/table_comment/schema context。
m9_count,3,m9 当日有效数据计数 ||| m9 当月有效数据计数 ||| 记录数9,"rs_wastewater_day_records, rs_wastewater_month_records, wh_hydrological_day_records, wh_meteorological_day_records, wm_waterquality_day_records, wm_waterquality_month_records, wm_waterquality_year_records",high,keep_original_comments_no_revision — train_only_with_table_context,不改写任何原始注释，不统一注释。训练时必须带 table_name/table_comment/schema context。
m9_status,2,m9_status ||| 监测结果：0 正常、1 超标,"rs_wastewater_hour_records, wm_waterquality_hour_records",high,keep_original_comments_no_revision — train_only_with_table_context,不改写任何原始注释，不统一注释。训练时必须带 table_name/table_comment/schema context。
m9_value,6,【PS】六价铬日平均值 / 【PQ】苯日平均值 ||| m9_value ||| 【PS】六价铬月平均值 / 【PQ】苯月平均值 ||| 24小时降雨量（mm） ||| 总氮监测值 ||| 总氮阈值(mg/L),"rs_wastewater_day_records, rs_wastewater_hour_records, rs_wastewater_month_records, wh_hydrological_day_records, wh_hydrological_hour_records, wh_meteorological_day_records, wh_meteorological_hour_records, wm_waterquality_day_records, wm_waterquality_hour_records, wm_waterquality_month_records, wm_waterquality_threshold, wm_waterquality_year_records",high,keep_original_comments_no_revision — train_only_with_table_context,不改写任何原始注释，不统一注释。训练时必须带 table_name/table_comment/schema context。
metadata_json,6,扩展属性JSON，用于存储行业类型、污染物类型、许可证号、联系人、监测因子等扩展信息 ||| 扩展信息，例如备注、导入来源、原始字段等 ||| 扩展属性JSON，用于存储挂接算法参数、候选边、候选节点等信息 ||| 扩展属性JSON ||| 扩展属性JSON，用于存储外部系统ID、原始导入字段等不常用于查询的内容 ||| 扩展属性JSON，用于存储管径、材质、坡度、流速、原始河段编码等扩展信息,"wst_asset, wst_asset_relation, wst_asset_trace_snap, wst_asset_type_dict, wst_control_zone, wst_trace_edge, wst_trace_node",high,keep_original_comments_no_revision — train_only_with_table_context,不改写任何原始注释，不统一注释。训练时必须带 table_name/table_comment/schema context。
meteorological_indicator_codes,2,气象监测指标编号集合，逗号连接 ||| 气象监测指标id集合，逗号连接,"wm_meteorological_info, wm_station_info",high,keep_original_comments_no_revision — train_only_with_table_context,不改写任何原始注释，不统一注释。训练时必须带 table_name/table_comment/schema context。
mmsi,2,海上移动识别码 ||| mmsi,"stg_sjtysj_cbwrwxtzlxxxt_b_receive_ship_info_df, stg_ycsjtysj_sxhyzssj_data_ship_info_df",high,keep_original_comments_no_revision — train_only_with_table_context,不改写任何原始注释，不统一注释。训练时必须带 table_name/table_comment/schema context。
monitor_time,2,最新时间 ||| 监测时间,"day_quality_records, wh_hydrological_day_records, wh_hydrological_hour_records, wh_hydrological_records_1, wh_meteorological_day_records, wh_meteorological_hour_records, wh_meteorological_records_1, wm_waterquality_day_records, wm_waterquality_hour_records, wm_waterquality_month_records, wm_waterquality_year_records",high,keep_original_comments_no_revision — train_only_with_table_context,不改写任何原始注释，不统一注释。训练时必须带 table_name/table_comment/schema context。
month,2,"日期 ||| 月份：0,1,2,3,4,5,6,7,8,9,10,11,12（0表示全年）","stg_sjtysj_cbwrwxtzlxxxt_b_month_receive_ship_kpi_df, wm_section_wq_info",high,keep_original_comments_no_revision — train_only_with_table_context,不改写任何原始注释，不统一注释。训练时必须带 table_name/table_comment/schema context。
name,14,名称 ||| 分区名称 ||| 关键字或文件名(不含后缀) ||| 磷石膏库名称 ||| 污染源名称 ||| 养殖场名称 ||| 企业名称 ||| 流域名称 ||| 船名 ||| 设备名称 ||| 目录名称 ||| 视频名称 ||| 水源名称 ||| 服务名称,"dc_survey_info, gis_poi, gis_watershed_partition, gis_watershed_partition_3, gis_watershed_partition_4, layer_partition_2, layer_partition_3, metadata_view, rs_enterprise_info_lsg, rs_enterprise_info_wade, rs_industrial_info_yc, rs_industrial_info_yc_bak0305, rs_livestock_info_yc, rs_sewage_info_yc, se_watershed, stg_ycsjtysj_sxhyzssj_data_ship_info_df, wm_camera_platform, wm_directory, wm_panorama_video, wm_uav_info, wm_water_intake, wm_water_source, wm_water_source_bak0421, wm_water_source_intake_v2, wm_water_source_zone_v2, wt_service_directory",high,keep_original_comments_no_revision — train_only_with_table_context,不改写任何原始注释，不统一注释。训练时必须带 table_name/table_comment/schema context。
node_type,2,节点类型，例如 river_node、pipe_node、outfall_snap_node、section_snap_node、intake_snap_node、gate_node、park_outlet_node ||| 节点类型：0 目录、1 服务,"wst_trace_node, wt_service_directory",high,keep_original_comments_no_revision — train_only_with_table_context,不改写任何原始注释，不统一注释。训练时必须带 table_name/table_comment/schema context。
note,3,流域介绍 ||| 监视点介绍 ||| 备注,"stg_sslhhpj_hbsxkqycszhslzhglptjsxm_att_bas_base_df, stg_sslhhpj_hbsxkqycszhslzhglptjsxm_att_wmst_base_df, stg_sslhhpj_hbsxkqycszhslzhglptjsxm_rcm_rv_lk_res_df",high,keep_original_comments_no_revision — train_only_with_table_context,不改写任何原始注释，不统一注释。训练时必须带 table_name/table_comment/schema context。
num,2,点位编号 ||| 数量,"dc_survey_track, stg_sjtysj_cbwrwxtzlxxxt_p_apply_detail_df, stg_sjtysj_cbwrwxtzlxxxt_p_ashore_apply_df",high,keep_original_comments_no_revision — train_only_with_table_context,不改写任何原始注释，不统一注释。训练时必须带 table_name/table_comment/schema context。
optype,2,操作类型:(0-初始 1-新增 2-修改 3-删除) ||| 操作类型(0-初始 1-新增 2-修改 3-删除),"stg_sslhhpj_hbsxkqycszhslzhglptjsxm_att_bas_base_df, stg_sslhhpj_hbsxkqycszhslzhglptjsxm_att_wmst_base_df",high,keep_original_comments_no_revision — train_only_with_table_context,不改写任何原始注释，不统一注释。训练时必须带 table_name/table_comment/schema context。
orgid,2,用于数据权限，取行政区代码，省级用2位，地市用4位，区县用6位 ||| 所属机构ID,"stg_ycssthjj_ltwsjgpt_t_sjzx_wry_jbxx_df, stg_ycssthjj_wryzxjkpt_t_zxjc_s_w_1_df",high,keep_original_comments_no_revision — train_only_with_table_context,不改写任何原始注释，不统一注释。训练时必须带 table_name/table_comment/schema context。
outlet_id,2,关联排污口ID ||| 污染源id,"rs_outlet_live_v2, rs_outlet_monitor_v2, rs_outlet_remediation_v2, rs_outlet_trace_v2, rs_pollutant_info",high,keep_original_comments_no_revision — train_only_with_table_context,不改写任何原始注释，不统一注释。训练时必须带 table_name/table_comment/schema context。
parent_id,2,父目录ID，根目录为null ||| 上级分区ID，一级分区为空,"wm_directory, wst_control_zone",high,keep_original_comments_no_revision — train_only_with_table_context,不改写任何原始注释，不统一注释。训练时必须带 table_name/table_comment/schema context。
pdf_img_url,3,pdf图片地址 ||| 联单图片 ||| pdf处置联单图片地址,"stg_sjtysj_cbwrwxtzlxxxt_p_ashore_apply_df, stg_sjtysj_cbwrwxtzlxxxt_p_handover_trans_df, stg_sjtysj_cbwrwxtzlxxxt_p_trans_apply_df",high,keep_original_comments_no_revision — train_only_with_table_context,不改写任何原始注释，不统一注释。训练时必须带 table_name/table_comment/schema context。
pfl,3,日排流量（各小时排流量的累加值） ||| 排放量 ||| 月排流量（各日排流量的累加值）,"rs_wastewater_day_records, rs_wastewater_hour_records, rs_wastewater_month_records",high,keep_original_comments_no_revision — train_only_with_table_context,不改写任何原始注释，不统一注释。训练时必须带 table_name/table_comment/schema context。
pfl_count,2,日排流量有效数据计数（参与累加的小时数） ||| 月排流量有效数据计数（参与累加的天数）,"rs_wastewater_day_records, rs_wastewater_month_records",high,keep_original_comments_no_revision — train_only_with_table_context,不改写任何原始注释，不统一注释。训练时必须带 table_name/table_comment/schema context。
pid,2,照片关联的id ||| 父id,"wm_image_info, wt_service_directory",high,keep_original_comments_no_revision — train_only_with_table_context,不改写任何原始注释，不统一注释。训练时必须带 table_name/table_comment/schema context。
pipe_network,2,管网是否接入，0为未接入，1为接入 ||| 管网,"stg_sjtysj_cbwrwxtzlxxxt_b_wharf_info_df, stg_sjtysj_cbwrwxtzlxxxt_p_trans_apply_df",high,keep_original_comments_no_revision — train_only_with_table_context,不改写任何原始注释，不统一注释。训练时必须带 table_name/table_comment/schema context。
poll_num,2,垃圾数量 ||| 污染物数据量,"stg_sjtysj_cbwrwxtzlxxxt_p_trans_apply_df, stg_sjtysj_cbwrwxtzlxxxt_p_wharf_storage_df",high,keep_original_comments_no_revision — train_only_with_table_context,不改写任何原始注释，不统一注释。训练时必须带 table_name/table_comment/schema context。
poll_type,3,污染物类型 ||| 船舶类型 ||| 垃圾类型,"stg_sjtysj_cbwrwxtzlxxxt_p_apply_detail_df, stg_sjtysj_cbwrwxtzlxxxt_p_ashore_apply_df, stg_sjtysj_cbwrwxtzlxxxt_p_handover_trans_df, stg_sjtysj_cbwrwxtzlxxxt_p_trans_apply_df, stg_sjtysj_cbwrwxtzlxxxt_p_wharf_storage_df",high,keep_original_comments_no_revision — train_only_with_table_context,不改写任何原始注释，不统一注释。训练时必须带 table_name/table_comment/schema context。
poll_unit,2,垃圾数量单位 ||| 污染物单位,"stg_sjtysj_cbwrwxtzlxxxt_p_trans_apply_df, stg_sjtysj_cbwrwxtzlxxxt_p_wharf_storage_df",high,keep_original_comments_no_revision — train_only_with_table_context,不改写任何原始注释，不统一注释。训练时必须带 table_name/table_comment/schema context。
pollutant_id,3,"污染源id，warn_type为3时 ||| 排污口/排气口ID（关联
 rs_pollutant_info.id） ||| 污染源id","rs_warn_records, rs_wastewater_day_records, rs_wastewater_hour_records, rs_wastewater_month_records, wm_hydrological_info, wm_meteorological_info, wm_station_info",high,keep_original_comments_no_revision — train_only_with_table_context,不改写任何原始注释，不统一注释。训练时必须带 table_name/table_comment/schema context。
process_unit_id,2,所属单位id ||| 处置单位id,"stg_sjtysj_cbwrwxtzlxxxt_b_transfer_car_df, stg_sjtysj_cbwrwxtzlxxxt_p_trans_apply_df",high,keep_original_comments_no_revision — train_only_with_table_context,不改写任何原始注释，不统一注释。训练时必须带 table_name/table_comment/schema context。
protect_level,2,保护等级 ||| 保护区级别：1、2、3,"wm_uav_info, wm_water_source",high,keep_original_comments_no_revision — train_only_with_table_context,不改写任何原始注释，不统一注释。训练时必须带 table_name/table_comment/schema context。
receive_num,3,接受单次 ||| 接收单数 ||| 接收工单号,"stg_sjtysj_cbwrwxtzlxxxt_b_coordination_index_df, stg_sjtysj_cbwrwxtzlxxxt_b_order_receive_minute_df, stg_sjtysj_cbwrwxtzlxxxt_p_ashore_apply_df",high,keep_original_comments_no_revision — train_only_with_table_context,不改写任何原始注释，不统一注释。训练时必须带 table_name/table_comment/schema context。
receive_ship_name,3,接收船舶名称 ||| 接收船舶名 ||| 接收船名,"stg_sjtysj_cbwrwxtzlxxxt_b_day_receive_ship_kpi_df, stg_sjtysj_cbwrwxtzlxxxt_b_month_receive_ship_kpi_df, stg_sjtysj_cbwrwxtzlxxxt_p_ashore_apply_df, stg_sjtysj_cbwrwxtzlxxxt_p_wharf_storage_df",high,keep_original_comments_no_revision — train_only_with_table_context,不改写任何原始注释，不统一注释。训练时必须带 table_name/table_comment/schema context。
record_type,4,记录类型：0-自动、1-手动 ||| 记录类型：0-正常统计，1-补录 ||| 记录类型：0自动、1手工 ||| 记录类型：0 自动、1 手工,"rs_pollutant_enterprise, rs_pollutant_info, rs_wastewater_day_records, rs_wastewater_hour_records, rs_wastewater_month_records, wh_hydrological_day_records, wh_hydrological_hour_records, wh_hydrological_records_1, wh_meteorological_day_records, wh_meteorological_hour_records, wh_meteorological_records_1, wm_waterquality_hour_records, wm_waterquality_month_records, wm_waterquality_year_records",high,keep_original_comments_no_revision — train_only_with_table_context,不改写任何原始注释，不统一注释。训练时必须带 table_name/table_comment/schema context。
region_code,4,行政区编码 ||| 行政区划编码 ||| 所属区域Code ||| 行政区代码,"gis_poi, gis_region_city, gis_region_county, gis_region_township, rs_enterprise_info_lsg, rs_enterprise_info_wade, rs_industrial_info_yc, rs_industrial_info_yc_bak0305, rs_livestock_info_yc, rs_sewage_info_yc, rs_sewage_park_info, se_watershed, wm_station_info_v2, wm_water_intake, wm_water_source, wm_water_source_intake_v2, wm_water_source_zone_v2",high,keep_original_comments_no_revision — train_only_with_table_context,不改写任何原始注释，不统一注释。训练时必须带 table_name/table_comment/schema context。
region_name,2,行政区划名称 ||| 行政区名称,"gis_region_city, gis_region_county, gis_region_township, layer_boundary_park, rs_enterprise_info_lsg, rs_enterprise_info_wade, rs_industrial_info_yc, rs_industrial_info_yc_bak0305, rs_livestock_info_yc, rs_sewage_info_yc, rs_sewage_park_info, wm_station_info_v2, wm_water_intake, wm_water_source",high,keep_original_comments_no_revision — train_only_with_table_context,不改写任何原始注释，不统一注释。训练时必须带 table_name/table_comment/schema context。
relation_subtype,2,关系子类编码，对应 wst_relation_subtype_dict.relation_subtype ||| 关系子类编码，例如 enterprise_outfall,"wst_asset_relation, wst_relation_subtype_dict",high,keep_original_comments_no_revision — train_only_with_table_context,不改写任何原始注释，不统一注释。训练时必须带 table_name/table_comment/schema context。
remark,2,备注 ||| 备注信息,"dc_survey_info, dc_survey_task, gis_control_unit, gis_poi, gis_watershed_partition, layer_entity_process, rs_outlet_monitor_v2, rs_sewage_park_info, rs_wastewater_month_records, stg_sjtysj_cbwrwxtzlxxxt_p_apply_detail_df, stg_sjtysj_cbwrwxtzlxxxt_p_ashore_apply_df, wm_camera_info, wm_camera_platform, wm_hydrological_info, wm_meteorological_info, wm_section_info, wm_station_info, wm_station_info_v2, wm_uav_info, wm_water_intake, wm_water_source, wm_water_source_bak0421, wm_water_source_intake_v2, wm_water_source_zone_v2, wm_waterquality_month_records, wm_waterquality_year_records, wst_asset, wst_asset_trace_snap, wst_asset_type_dict, wst_control_zone, wst_trace_edge, wst_trace_node, wt_service_directory",high,keep_original_comments_no_revision — train_only_with_table_context,不改写任何原始注释，不统一注释。训练时必须带 table_name/table_comment/schema context。
river_code,2,关联河流编码 ||| 河流编码,"wst_asset, wst_trace_edge",high,keep_original_comments_no_revision — train_only_with_table_context,不改写任何原始注释，不统一注释。训练时必须带 table_name/table_comment/schema context。
river_name,3,河流名称 ||| 河流名 ||| 关联河流名称,"se_watershed_river, stg_ycsjtysj_sxhyzssj_base_channel_df, wst_asset, wst_trace_edge",high,keep_original_comments_no_revision — train_only_with_table_context,不改写任何原始注释，不统一注释。训练时必须带 table_name/table_comment/schema context。
river_system_code,2,水系代码 ||| 水系编码,"wm_water_source, wm_water_source_bak0421, wst_control_zone",high,keep_original_comments_no_revision — train_only_with_table_context,不改写任何原始注释，不统一注释。训练时必须带 table_name/table_comment/schema context。
seal_img_url,2,图片路径 ||| 印章图片路径,"stg_sjtysj_cbwrwxtzlxxxt_b_clean_company_df, stg_sjtysj_cbwrwxtzlxxxt_b_process_unit_info_df, stg_sjtysj_cbwrwxtzlxxxt_b_wharf_info_df",high,keep_original_comments_no_revision — train_only_with_table_context,不改写任何原始注释，不统一注释。训练时必须带 table_name/table_comment/schema context。
section_name,2,对应断面名称 ||| 断面名称,"gis_watershed_partition_4, wm_section_info, wm_station_info_v2",high,keep_original_comments_no_revision — train_only_with_table_context,不改写任何原始注释，不统一注释。训练时必须带 table_name/table_comment/schema context。
sewage_type,2,污水类型 ||| 污水处理厂类型：0-工业、1-生活,"rs_outlet, rs_sewage_park_info",high,keep_original_comments_no_revision — train_only_with_table_context,不改写任何原始注释，不统一注释。训练时必须带 table_name/table_comment/schema context。
short_name,2,简称 ||| 站点简称,"wm_hydrological_info, wm_meteorological_info, wm_station_info, wm_station_info_v2",high,keep_original_comments_no_revision — train_only_with_table_context,不改写任何原始注释，不统一注释。训练时必须带 table_name/table_comment/schema context。
sjly,2,数据采集来源（代码集：SJGL_SJLY） ||| 数据来源,"stg_ycssthjj_ltwsjgpt_t_sjzx_wry_jbxx_df, stg_ycssthjj_wryzxjkpt_t_zxjc_s_w_1_df",high,keep_original_comments_no_revision — train_only_with_table_context,不改写任何原始注释，不统一注释。训练时必须带 table_name/table_comment/schema context。
sort,3,排序 ||| 排序值 ||| 排序号,"stg_sslhhpj_hbsxkqycszhslzhglptjsxm_att_bas_base_df, wm_directory, wt_service_directory",high,keep_original_comments_no_revision — train_only_with_table_context,不改写任何原始注释，不统一注释。训练时必须带 table_name/table_comment/schema context。
sort_order,2,序号 ||| 排序号,"stg_sslhhpj_hbsxkqycszhslzhglptjsxm_rcm_rv_lk_res_df, wst_relation_subtype_dict, wst_relation_type_dict",high,keep_original_comments_no_revision — train_only_with_table_context,不改写任何原始注释，不统一注释。训练时必须带 table_name/table_comment/schema context。
source,4,"来源 ||| 数据来源:(数据中台,水旱灾害防御) ||| 数据来源名称(数据中台,数据填报) ||| 起点拓扑节点ID，关联 wst_trace_node.id，约定为默认水流方向的上游节点","stg_sjtysj_cbwrwxtzlxxxt_p_ashore_apply_df, stg_sslhhpj_hbsxkqycszhslzhglptjsxm_att_bas_base_df, stg_sslhhpj_hbsxkqycszhslzhglptjsxm_att_wmst_base_df, wst_trace_edge",high,keep_original_comments_no_revision — train_only_with_table_context,不改写任何原始注释，不统一注释。训练时必须带 table_name/table_comment/schema context。
source_asset_id,2,源资产ID，对应 wst_asset.id ||| 来源资产ID，如果该节点由某个资产生成，可关联 wst_asset.id,"wst_asset_relation, wst_trace_node",high,keep_original_comments_no_revision — train_only_with_table_context,不改写任何原始注释，不统一注释。训练时必须带 table_name/table_comment/schema context。
source_system,2,数据来源系统，例如 manual=手工录入，permit=排污许可系统，monitor=监测系统，gis=GIS导入 ||| 数据来源系统,"wst_asset, wst_trace_node",high,keep_original_comments_no_revision — train_only_with_table_context,不改写任何原始注释，不统一注释。训练时必须带 table_name/table_comment/schema context。
source_type,3,水源类型 ||| 水源地类型（河流型；湖库型；地下水型） ||| 关系来源，可选 manual、import、spatial、system,"wm_water_source, wm_water_source_bak0421, wm_water_source_intake_v2, wm_water_source_zone_v2, wst_asset_relation",high,keep_original_comments_no_revision — train_only_with_table_context,不改写任何原始注释，不统一注释。训练时必须带 table_name/table_comment/schema context。
ssqx,2,所属区县 ||| 符合GB/T 2260-2019行政区代码表，如：440305,"rs_pollutant_enterprise, stg_ycssthjj_ltwsjgpt_t_sjzx_wry_jbxx_df, stg_ycssthjj_lysthjjkyjpt_t_sjzx_szzdjcz_df",high,keep_original_comments_no_revision — train_only_with_table_context,不改写任何原始注释，不统一注释。训练时必须带 table_name/table_comment/schema context。
station_code,3,水位站编码 ||| 气象编码 ||| 站点编码,"wm_hydrological_info, wm_meteorological_info, wm_station_info, wm_station_info_v2",high,keep_original_comments_no_revision — train_only_with_table_context,不改写任何原始注释，不统一注释。训练时必须带 table_name/table_comment/schema context。
station_id,4,站点id ||| 站点id，warn_type为0时 ||| 所属站点id ||| 监测站id,"day_quality_records, day_quality_setting, rs_warn_records, wh_hydrological_day_records, wh_hydrological_hour_records, wh_hydrological_records_1, wh_meteorological_day_records, wh_meteorological_hour_records, wh_meteorological_predict_day_records, wh_meteorological_predict_hour_records, wh_meteorological_records_1, wm_waterquality_day_records, wm_waterquality_hour_records, wm_waterquality_month_records, wm_waterquality_threshold, wm_waterquality_year_records",high,keep_original_comments_no_revision — train_only_with_table_context,不改写任何原始注释，不统一注释。训练时必须带 table_name/table_comment/schema context。
station_level,2,站点的级别(省站1|市站2) ||| 站点的级别：1-省站、2-市站,"wm_station_info, wm_station_info_v2",high,keep_original_comments_no_revision — train_only_with_table_context,不改写任何原始注释，不统一注释。训练时必须带 table_name/table_comment/schema context。
station_name,2,监测站点名称 ||| 站点名称,"wm_hydrological_info, wm_meteorological_info, wm_station_info, wm_station_info_v2",high,keep_original_comments_no_revision — train_only_with_table_context,不改写任何原始注释，不统一注释。训练时必须带 table_name/table_comment/schema context。
station_type,2,站类型(岸基站1|浮船站2) ||| 站类型：1-岸基站、2-浮船站,"wm_hydrological_info, wm_meteorological_info, wm_station_info, wm_station_info_v2",high,keep_original_comments_no_revision — train_only_with_table_context,不改写任何原始注释，不统一注释。训练时必须带 table_name/table_comment/schema context。
status,16,"任务状态: 0-进行中, 1-已暂停, 2-已结束 ||| 当日综合状态：nobeyond-正常，below-偏低
 ，beyond-超标 ||| 监测结果：0正常、1偏高、2偏低 ||| 当月综合状态：nobeyond-正常，below-偏低
 ，beyond-超标 ||| 0冻结、1离线、2空闲、3作业中 ||| 垃圾申请状态
djd: 待接单
yjd:已接单
yjs:已接收
ycjt:已处结
qx:取消
yzy:已转运
bfzy:不转运 ||| 状态： dzy、yjs、yzy ||| 待转运：创建完成后变成待转运状态，只有此状态下可修改 ||| 转运状态 ||| 固定源状态（代码集：WRY_GDYZT） ||| 监测结果：0 正常、1 超标 ||| 状态：active=启用，disabled=停用，candidate=候选，invalid=无效 ||| 状态，可选 confirmed、candidate、disabled ||| 状态：active=启用，disabled=停用 ||| 状态，active 表示启用 ||| 状态：active=启用，disabled=停用，split=已拆分，invalid=无效","dc_survey_task, rs_wastewater_day_records, rs_wastewater_hour_records, rs_wastewater_month_records, stg_sjtysj_cbwrwxtzlxxxt_b_receive_ship_info_df, stg_sjtysj_cbwrwxtzlxxxt_p_ashore_apply_df, stg_sjtysj_cbwrwxtzlxxxt_p_handover_trans_df, stg_sjtysj_cbwrwxtzlxxxt_p_trans_apply_df, stg_sjtysj_cbwrwxtzlxxxt_p_wharf_storage_df, stg_ycssthjj_ltwsjgpt_t_sjzx_wry_jbxx_df, wm_waterquality_hour_records, wst_asset, wst_asset_relation, wst_asset_type_dict, wst_control_zone, wst_relation_subtype_dict, wst_relation_type_dict, wst_trace_edge, wst_trace_node",high,keep_original_comments_no_revision — train_only_with_table_context,不改写任何原始注释，不统一注释。训练时必须带 table_name/table_comment/schema context。
storage_no,2,存储单号 ||| 存储编号,"stg_sjtysj_cbwrwxtzlxxxt_p_receive_storage_df, stg_sjtysj_cbwrwxtzlxxxt_p_wharf_storage_df",high,keep_original_comments_no_revision — train_only_with_table_context,不改写任何原始注释，不统一注释。训练时必须带 table_name/table_comment/schema context。
task_id,4,APP巡查：任务id ||| 任务ID：关联的巡查任务ID ||| 任务ID ||| 巡查任务ID,"dc_survey_info, dc_survey_offline_sync, dc_survey_task_instance, dc_survey_track",high,keep_original_comments_no_revision — train_only_with_table_context,不改写任何原始注释，不统一注释。训练时必须带 table_name/table_comment/schema context。
task_instance_id,2,APP巡查：巡查任务实例id ||| 实例ID,"dc_survey_info, dc_survey_track",high,keep_original_comments_no_revision — train_only_with_table_context,不改写任何原始注释，不统一注释。训练时必须带 table_name/table_comment/schema context。
telephone,2,电话 ||| 固定电话,"gis_poi, stg_ycssthjj_ltwsjgpt_t_sjzx_wry_jbxx_df",high,keep_original_comments_no_revision — train_only_with_table_context,不改写任何原始注释，不统一注释。训练时必须带 table_name/table_comment/schema context。
timestamp,3,统计日期（当日00:00:00） ||| 数据时间 ||| 统计月份起始时间（当月第一天00:00:00）,"rs_wastewater_day_records, rs_wastewater_hour_records, rs_wastewater_month_records",high,keep_original_comments_no_revision — train_only_with_table_context,不改写任何原始注释，不统一注释。训练时必须带 table_name/table_comment/schema context。
title,2,标题：对应调研的名称 ||| 巡查标题,"dc_survey_info, dc_survey_task",high,keep_original_comments_no_revision — train_only_with_table_context,不改写任何原始注释，不统一注释。训练时必须带 table_name/table_comment/schema context。
township,2,乡镇(街道) ||| 乡镇,"rs_outlet_info_v2, wm_water_intake, wm_water_source_intake_v2, wm_water_source_zone_v2",high,keep_original_comments_no_revision — train_only_with_table_context,不改写任何原始注释，不统一注释。训练时必须带 table_name/table_comment/schema context。
trans_no,3,转运单号 ||| 转运申请编号 ||| 转运编号,"stg_sjtysj_cbwrwxtzlxxxt_p_handover_trans_df, stg_sjtysj_cbwrwxtzlxxxt_p_trans_apply_detail_df, stg_sjtysj_cbwrwxtzlxxxt_p_trans_apply_df",high,keep_original_comments_no_revision — train_only_with_table_context,不改写任何原始注释，不统一注释。训练时必须带 table_name/table_comment/schema context。
type,10,"类型：0 零点核查数据、1 跨度核查数据 ||| 类型（工业、规上畜禽、规下畜禽、水产养殖、排污口、污水处理厂、厕污垃、河道情况、其他） ||| 类型：PS-排水口，PQ-排气口 ||| 类型：PS-排水口、PQ-排气口 ||| 排放口类型：PS 排水口、PQ 排气口 ||| js:接收行明细、cc:存储单 ||| 取水管道类型（1.主管,2.备管,3.季节性取水） ||| 船舶大类 ||| 目录类型（如：panorama/other） ||| 0 河流，1 湖泊","day_quality_records, dc_survey_info, rs_wastewater_day_records, rs_wastewater_hour_records, rs_wastewater_month_records, rs_wastewater_standard, stg_sjtysj_cbwrwxtzlxxxt_p_handover_trans_detail_df, stg_sslhhpj_hbsxkqycszhslzhglptjsxm_wr_mp_b_df, stg_ycsjtysj_sxhyzssj_data_ship_info_df, wm_directory, wt_warnparm_config",high,keep_original_comments_no_revision — train_only_with_table_context,不改写任何原始注释，不统一注释。训练时必须带 table_name/table_comment/schema context。
unit,3,单位 ||| 转运单位 ||| 面积单位,"rs_warn_records, stg_sjtysj_cbwrwxtzlxxxt_p_apply_detail_df, stg_sjtysj_cbwrwxtzlxxxt_p_ashore_apply_df, stg_sjtysj_cbwrwxtzlxxxt_p_trans_apply_df, wm_raster_inversion",high,keep_original_comments_no_revision — train_only_with_table_context,不改写任何原始注释，不统一注释。训练时必须带 table_name/table_comment/schema context。
update_by,5,更新人 ||| 修改人 ||| 更新人ID ||| 创建人 ||| 更新者,"cf_auto_build_flag, day_quality_records, day_quality_setting, dc_survey_info, dc_survey_task, gis_control_unit, gis_region, gis_watershed_partition, min_value_setting, rs_enterprise_info_lsg, rs_enterprise_info_wade, rs_livestock_info_yc, rs_outlet, rs_pollutant_enterprise, rs_pollutant_info, rs_sewage_info_yc, rs_warn_records, rs_wastewater_day_records, rs_wastewater_hour_records, rs_wastewater_month_records, rs_wastewater_standard, se_watershed, se_watershed_river, stg_sjtysj_cbwrwxtzlxxxt_b_clean_company_df, stg_sjtysj_cbwrwxtzlxxxt_b_process_unit_info_df, stg_sjtysj_cbwrwxtzlxxxt_b_receive_ship_info_df, stg_sjtysj_cbwrwxtzlxxxt_b_transfer_car_df, stg_sjtysj_cbwrwxtzlxxxt_b_wharf_info_df, stg_sjtysj_cbwrwxtzlxxxt_p_ashore_apply_df, stg_sjtysj_cbwrwxtzlxxxt_p_trans_apply_df, stg_sjtysj_cbwrwxtzlxxxt_p_wharf_storage_df, stg_sslhhpj_hbsxkqycszhslzhglptjsxm_rcm_rv_lk_res_df, wh_hydrological_day_records, wh_hydrological_hour_records, wh_hydrological_records_1, wh_meteorological_day_records, wh_meteorological_hour_records, wh_meteorological_predict_day_records, wh_meteorological_predict_hour_records, wh_meteorological_records_1, wm_camera_info, wm_camera_platform, wm_hydrological_info, wm_image_info, wm_meteorological_info, wm_section_info, wm_section_wq_info, wm_station_info, wm_uav_info, wm_waterbody_info, wm_waterquality_day_records, wm_waterquality_hour_records, wm_waterquality_month_records, wm_waterquality_threshold, wm_waterquality_year_records, wt_service_directory, wt_warnparm_config",high,keep_original_comments_no_revision — train_only_with_table_context,不改写任何原始注释，不统一注释。训练时必须带 table_name/table_comment/schema context。
update_date,2,更新日期 ||| 更新时间,"stg_sjtysj_cbwrwxtzlxxxt_b_clean_company_df, stg_sjtysj_cbwrwxtzlxxxt_b_process_unit_info_df, stg_sjtysj_cbwrwxtzlxxxt_b_receive_ship_info_df, stg_sjtysj_cbwrwxtzlxxxt_b_transfer_car_df, stg_sjtysj_cbwrwxtzlxxxt_b_wharf_info_df, stg_sjtysj_cbwrwxtzlxxxt_p_ashore_apply_df, stg_sjtysj_cbwrwxtzlxxxt_p_trans_apply_df, stg_sjtysj_cbwrwxtzlxxxt_p_wharf_storage_df",high,keep_original_comments_no_revision — train_only_with_table_context,不改写任何原始注释，不统一注释。训练时必须带 table_name/table_comment/schema context。
update_time,2,更新时间 ||| 创建时间,"cf_auto_build_flag, day_quality_records, day_quality_setting, dc_survey_info, dc_survey_offline_upload, dc_survey_task, gis_control_unit, gis_region, gis_watershed_partition, min_value_setting, rs_enterprise_info_lsg, rs_enterprise_info_wade, rs_livestock_info_yc, rs_outlet, rs_pollutant_enterprise, rs_pollutant_info, rs_sewage_info_yc, rs_warn_records, rs_wastewater_day_records, rs_wastewater_hour_records, rs_wastewater_month_records, rs_wastewater_standard, se_watershed, se_watershed_river, stg_sjtysj_cbwrwxtzlxxxt_b_month_receive_ship_kpi_df, stg_sslhhpj_hbsxkqycszhslzhglptjsxm_rcm_rv_lk_res_df, wh_hydrological_day_records, wh_hydrological_hour_records, wh_hydrological_records_1, wh_meteorological_day_records, wh_meteorological_hour_records, wh_meteorological_predict_day_records, wh_meteorological_predict_hour_records, wh_meteorological_records_1, wm_camera_info, wm_camera_platform, wm_directory, wm_hydrological_info, wm_image_info, wm_meteorological_info, wm_panorama_layer, wm_panorama_layer_relation, wm_panorama_video, wm_raster_info, wm_raster_inversion, wm_section_info, wm_section_wq_info, wm_station_info, wm_uav_info, wm_waterbody_info, wm_waterquality_day_records, wm_waterquality_hour_records, wm_waterquality_month_records, wm_waterquality_threshold, wm_waterquality_year_records, wt_service_directory, wt_warnparm_config",high,keep_original_comments_no_revision — train_only_with_table_context,不改写任何原始注释，不统一注释。训练时必须带 table_name/table_comment/schema context。
water_body_id,2,所属水体id ||| 水体id,"wm_hydrological_info, wm_meteorological_info, wm_section_info, wm_station_info, wm_station_info_v2",high,keep_original_comments_no_revision — train_only_with_table_context,不改写任何原始注释，不统一注释。训练时必须带 table_name/table_comment/schema context。
water_body_type,2,水体类型：0-河流、1-湖泊 ||| 水体类型：0 河流、1 湖泊,"wm_station_info_v2, wm_waterbody_info",high,keep_original_comments_no_revision — train_only_with_table_context,不改写任何原始注释，不统一注释。训练时必须带 table_name/table_comment/schema context。
water_quality_level,3,水质监测指标等级 ||| 水质级别 ||| 水质级别：I、II、Ⅲ、IV、V、劣V,"rs_warn_records, wm_waterquality_day_records, wm_waterquality_hour_records, wm_waterquality_month_records, wm_waterquality_year_records",high,keep_original_comments_no_revision — train_only_with_table_context,不改写任何原始注释，不统一注释。训练时必须带 table_name/table_comment/schema context。
water_type,2,水体类型：0 河流、1 湖泊 ||| 水源类型,"wm_hydrological_info, wm_meteorological_info, wm_station_info, wm_water_intake",high,keep_original_comments_no_revision — train_only_with_table_context,不改写任何原始注释，不统一注释。训练时必须带 table_name/table_comment/schema context。
wharf_id,2,码头id ||| 存储码头id,"stg_sjtysj_cbwrwxtzlxxxt_p_ashore_apply_df, stg_sjtysj_cbwrwxtzlxxxt_p_receive_storage_df, stg_sjtysj_cbwrwxtzlxxxt_p_trans_apply_df, stg_sjtysj_cbwrwxtzlxxxt_p_wharf_storage_df",high,keep_original_comments_no_revision — train_only_with_table_context,不改写任何原始注释，不统一注释。训练时必须带 table_name/table_comment/schema context。
wharf_name,3,码头公司名称 ||| 码头名称 ||| 码头简称,"stg_sjtysj_cbwrwxtzlxxxt_b_wharf_info_df, stg_sjtysj_cbwrwxtzlxxxt_b_wharf_kpi_df, stg_sjtysj_cbwrwxtzlxxxt_p_trans_apply_df, stg_sjtysj_cbwrwxtzlxxxt_p_wharf_storage_df, stg_ycsjtysj_sxhyzssj_data_coverage_wharf_df",high,keep_original_comments_no_revision — train_only_with_table_context,不改写任何原始注释，不统一注释。训练时必须带 table_name/table_comment/schema context。
width,2,船宽 ||| 水体宽度（m）,"stg_ycsjtysj_sxhyzssj_data_ship_info_df, wm_waterbody_info",high,keep_original_comments_no_revision — train_only_with_table_context,不改写任何原始注释，不统一注释。训练时必须带 table_name/table_comment/schema context。
xh,3,序号：用于查询数据=driveId ||| 数据唯一标识 ||| 序号,"rs_pollutant_info, stg_ycssthjj_ltwsjgpt_t_sjzx_wry_jbxx_df, stg_ycssthjj_wryzxjkpt_t_zxjc_s_w_1_df",high,keep_original_comments_no_revision — train_only_with_table_context,不改写任何原始注释，不统一注释。训练时必须带 table_name/table_comment/schema context。
zone_id,2,默认所属分区ID，关联 wst_control_zone.id，用于列表过滤、统计、权限、地图筛选 ||| 所属分区ID，关联 wst_control_zone.id,"wst_asset, wst_trace_edge, wst_trace_node",high,keep_original_comments_no_revision — train_only_with_table_context,不改写任何原始注释，不统一注释。训练时必须带 table_name/table_comment/schema context。
zone_level,2,保护区级别（1-一级保护区；2-二级保护区；3-准保护区） ||| 分区级别：1=一级国控断面控制单元，2=二级自动站分区，3=三级工业园区/分水岭分区,"wm_water_source_zone_v2, wst_control_zone",high,keep_original_comments_no_revision — train_only_with_table_context,不改写任何原始注释，不统一注释。训练时必须带 table_name/table_comment/schema context。
