object_type,schema_name,table_name,column_name,exclude_reason
table,public,_stg_yichang_river_counts,,临时导入表，数据不稳定且字段语义未经业务确认; 无表注释且字段注释覆盖率仅 0%，训练上下文不足; 全字段无注释，无可用训练数据
table,public,_stg_yichang_river_import,,临时导入表，数据不稳定且字段语义未经业务确认
table,public,_stg_yichang_river_std,,临时导入表，数据不稳定且字段语义未经业务确认
table,public,layer_river_provincial_bak0617,,备份表，与主表重复，训练价值低
table,public,rs_industrial_info_yc_bak0305,,备份表，与主表重复，训练价值低
table,public,spatial_ref_sys,,PostGIS 系统表，非业务数据
table,public,stg_sjtj_sxhysjzxpt_dbo_operator_day_burnup_df,,临时导入表，数据不稳定且字段语义未经业务确认
table,public,stg_sjtj_sxhysjzxpt_t_vessel_info_df,,临时导入表，数据不稳定且字段语义未经业务确认
table,public,stg_sjtysj_cbwrwxtzlxxxt_b_anchorage_clean_company_df,,临时导入表，数据不稳定且字段语义未经业务确认
table,public,stg_sjtysj_cbwrwxtzlxxxt_b_anchorage_info_df,,临时导入表，数据不稳定且字段语义未经业务确认
table,public,stg_sjtysj_cbwrwxtzlxxxt_b_clean_company_df,,临时导入表，数据不稳定且字段语义未经业务确认
table,public,stg_sjtysj_cbwrwxtzlxxxt_b_coordination_index_df,,临时导入表，数据不稳定且字段语义未经业务确认
table,public,stg_sjtysj_cbwrwxtzlxxxt_b_day_pollution_weight_df,,临时导入表，数据不稳定且字段语义未经业务确认
table,public,stg_sjtysj_cbwrwxtzlxxxt_b_day_receive_ship_kpi_df,,临时导入表，数据不稳定且字段语义未经业务确认
table,public,stg_sjtysj_cbwrwxtzlxxxt_b_day_subject_num_df,,临时导入表，数据不稳定且字段语义未经业务确认
table,public,stg_sjtysj_cbwrwxtzlxxxt_b_day_sxhy_df,,临时导入表，数据不稳定且字段语义未经业务确认
table,public,stg_sjtysj_cbwrwxtzlxxxt_b_month_receive_ship_kpi_df,,临时导入表，数据不稳定且字段语义未经业务确认
table,public,stg_sjtysj_cbwrwxtzlxxxt_b_order_receive_minute_df,,临时导入表，数据不稳定且字段语义未经业务确认
table,public,stg_sjtysj_cbwrwxtzlxxxt_b_process_unit_info_df,,临时导入表，数据不稳定且字段语义未经业务确认
table,public,stg_sjtysj_cbwrwxtzlxxxt_b_receive_ship_assessment_df,,临时导入表，数据不稳定且字段语义未经业务确认
table,public,stg_sjtysj_cbwrwxtzlxxxt_b_receive_ship_info_df,,临时导入表，数据不稳定且字段语义未经业务确认
table,public,stg_sjtysj_cbwrwxtzlxxxt_b_transfer_car_df,,临时导入表，数据不稳定且字段语义未经业务确认
table,public,stg_sjtysj_cbwrwxtzlxxxt_b_wharf_info_df,,临时导入表，数据不稳定且字段语义未经业务确认
table,public,stg_sjtysj_cbwrwxtzlxxxt_b_wharf_kpi_df,,临时导入表，数据不稳定且字段语义未经业务确认
table,public,stg_sjtysj_cbwrwxtzlxxxt_p_apply_detail_df,,临时导入表，数据不稳定且字段语义未经业务确认
table,public,stg_sjtysj_cbwrwxtzlxxxt_p_ashore_apply_df,,临时导入表，数据不稳定且字段语义未经业务确认
table,public,stg_sjtysj_cbwrwxtzlxxxt_p_handover_trans_detail_df,,临时导入表，数据不稳定且字段语义未经业务确认
table,public,stg_sjtysj_cbwrwxtzlxxxt_p_handover_trans_df,,临时导入表，数据不稳定且字段语义未经业务确认
table,public,stg_sjtysj_cbwrwxtzlxxxt_p_receive_storage_df,,临时导入表，数据不稳定且字段语义未经业务确认
table,public,stg_sjtysj_cbwrwxtzlxxxt_p_trans_apply_detail_df,,临时导入表，数据不稳定且字段语义未经业务确认
table,public,stg_sjtysj_cbwrwxtzlxxxt_p_trans_apply_df,,临时导入表，数据不稳定且字段语义未经业务确认
table,public,stg_sjtysj_cbwrwxtzlxxxt_p_wharf_storage_df,,临时导入表，数据不稳定且字段语义未经业务确认
table,public,stg_sslhhpj_hbsxkqycszhslzhglptjsxm_att_bas_base_df,,临时导入表，数据不稳定且字段语义未经业务确认
table,public,stg_sslhhpj_hbsxkqycszhslzhglptjsxm_att_wmst_base_df,,临时导入表，数据不稳定且字段语义未经业务确认
table,public,stg_sslhhpj_hbsxkqycszhslzhglptjsxm_rcm_rv_lk_res_df,,临时导入表，数据不稳定且字段语义未经业务确认
table,public,stg_sslhhpj_hbsxkqycszhslzhglptjsxm_rel_st_source_df,,临时导入表，数据不稳定且字段语义未经业务确认
table,public,stg_sslhhpj_hbsxkqycszhslzhglptjsxm_warn_stcd_r_df,,临时导入表，数据不稳定且字段语义未经业务确认
table,public,stg_sslhhpj_hbsxkqycszhslzhglptjsxm_wr_mp_b_df,,临时导入表，数据不稳定且字段语义未经业务确认
table,public,stg_ycsjtysj_sxhyzssj_base_channel_df,,临时导入表，数据不稳定且字段语义未经业务确认
table,public,stg_ycsjtysj_sxhyzssj_base_channel_level_df,,临时导入表，数据不稳定且字段语义未经业务确认
table,public,stg_ycsjtysj_sxhyzssj_base_ship_df,,临时导入表，数据不稳定且字段语义未经业务确认
table,public,stg_ycsjtysj_sxhyzssj_data_coverage_wharf_df,,临时导入表，数据不稳定且字段语义未经业务确认
table,public,stg_ycsjtysj_sxhyzssj_data_ship_info_df,,临时导入表，数据不稳定且字段语义未经业务确认
table,public,stg_ycssthjj_ltwsjgpt_t_sjzx_wry_jbxx_df,,临时导入表，数据不稳定且字段语义未经业务确认
table,public,stg_ycssthjj_lysthjjkyjpt_t_sjzx_szzdjcz_df,,临时导入表，数据不稳定且字段语义未经业务确认
table,public,stg_ycssthjj_wryzxjkpt_t_zxjc_s_w_1_df,,临时导入表，数据不稳定且字段语义未经业务确认
table,public,wm_water_source_bak0421,,备份表，与主表重复，训练价值低
column,public,_stg_yichang_river_counts,layer_inserted,所属表被排除: 临时导入表，数据不稳定且字段语义未经业务确认
column,public,_stg_yichang_river_counts,layer_updated,所属表被排除: 临时导入表，数据不稳定且字段语义未经业务确认
column,public,_stg_yichang_river_counts,asset_inserted,所属表被排除: 临时导入表，数据不稳定且字段语义未经业务确认
column,public,_stg_yichang_river_counts,asset_updated,所属表被排除: 临时导入表，数据不稳定且字段语义未经业务确认
column,public,_stg_yichang_river_counts,skipped,所属表被排除: 临时导入表，数据不稳定且字段语义未经业务确认
column,public,_stg_yichang_river_import,gid,所属表被排除: 临时导入表，数据不稳定且字段语义未经业务确认
column,public,_stg_yichang_river_import,OBJECTID,所属表被排除: 临时导入表，数据不稳定且字段语义未经业务确认
column,public,_stg_yichang_river_import,Nextdown,所属表被排除: 临时导入表，数据不稳定且字段语义未经业务确认
column,public,_stg_yichang_river_import,MAINRIVID,所属表被排除: 临时导入表，数据不稳定且字段语义未经业务确认
column,public,_stg_yichang_river_import,Hydrocount,所属表被排除: 临时导入表，数据不稳定且字段语义未经业务确认
column,public,_stg_yichang_river_import,Rclass,所属表被排除: 临时导入表，数据不稳定且字段语义未经业务确认
column,public,_stg_yichang_river_import,Rlenth,所属表被排除: 临时导入表，数据不稳定且字段语义未经业务确认
column,public,_stg_yichang_river_import,Hydrolenth,所属表被排除: 临时导入表，数据不稳定且字段语义未经业务确认
column,public,_stg_yichang_river_import,Rcatch,所属表被排除: 临时导入表，数据不稳定且字段语义未经业务确认
column,public,_stg_yichang_river_import,TCatch,所属表被排除: 临时导入表，数据不稳定且字段语义未经业务确认
column,public,_stg_yichang_river_import,Rname,所属表被排除: 临时导入表，数据不稳定且字段语义未经业务确认
column,public,_stg_yichang_river_import,Shape_Leng,所属表被排除: 临时导入表，数据不稳定且字段语义未经业务确认
column,public,_stg_yichang_river_import,RiverID,所属表被排除: 临时导入表，数据不稳定且字段语义未经业务确认
column,public,_stg_yichang_river_import,RclassDISP,所属表被排除: 临时导入表，数据不稳定且字段语义未经业务确认
column,public,_stg_yichang_river_import,OSMratio,所属表被排除: 临时导入表，数据不稳定且字段语义未经业务确认
column,public,_stg_yichang_river_import,GRITratio,所属表被排除: 临时导入表，数据不稳定且字段语义未经业务确认
column,public,_stg_yichang_river_import,Hydroratio,所属表被排除: 临时导入表，数据不稳定且字段语义未经业务确认
column,public,_stg_yichang_river_import,NameList,所属表被排除: 临时导入表，数据不稳定且字段语义未经业务确认
column,public,_stg_yichang_river_import,OrignCNT,所属表被排除: 临时导入表，数据不稳定且字段语义未经业务确认
column,public,_stg_yichang_river_import,SEG_ID,所属表被排除: 临时导入表，数据不稳定且字段语义未经业务确认
column,public,_stg_yichang_river_import,LEN,所属表被排除: 临时导入表，数据不稳定且字段语义未经业务确认
column,public,_stg_yichang_river_import,FLIPPED,所属表被排除: 临时导入表，数据不稳定且字段语义未经业务确认
column,public,_stg_yichang_river_import,FROM_Z,所属表被排除: 临时导入表，数据不稳定且字段语义未经业务确认
column,public,_stg_yichang_river_import,TO_Z,所属表被排除: 临时导入表，数据不稳定且字段语义未经业务确认
column,public,_stg_yichang_river_import,STR_ORD,所属表被排除: 临时导入表，数据不稳定且字段语义未经业务确认
column,public,_stg_yichang_river_import,SHR_ORD,所属表被排除: 临时导入表，数据不稳定且字段语义未经业务确认
column,public,_stg_yichang_river_import,geom,所属表被排除: 临时导入表，数据不稳定且字段语义未经业务确认
column,public,_stg_yichang_river_std,gid,所属表被排除: 临时导入表，数据不稳定且字段语义未经业务确认
column,public,_stg_yichang_river_std,river_code,所属表被排除: 临时导入表，数据不稳定且字段语义未经业务确认
column,public,_stg_yichang_river_std,river_name,所属表被排除: 临时导入表，数据不稳定且字段语义未经业务确认
column,public,_stg_yichang_river_std,next_down,所属表被排除: 临时导入表，数据不稳定且字段语义未经业务确认
column,public,_stg_yichang_river_std,river_class,所属表被排除: 临时导入表，数据不稳定且字段语义未经业务确认
column,public,_stg_yichang_river_std,length_km,所属表被排除: 临时导入表，数据不稳定且字段语义未经业务确认
column,public,_stg_yichang_river_std,from_z,所属表被排除: 临时导入表，数据不稳定且字段语义未经业务确认
column,public,_stg_yichang_river_std,to_z,所属表被排除: 临时导入表，数据不稳定且字段语义未经业务确认
column,public,_stg_yichang_river_std,geom,所属表被排除: 临时导入表，数据不稳定且字段语义未经业务确认
column,public,_stg_yichang_river_std,metadata_json,所属表被排除: 临时导入表，数据不稳定且字段语义未经业务确认
column,public,day_quality_setting,span_value,字段无注释
column,public,day_quality_setting,zero_standard_value,字段无注释
column,public,day_quality_setting,span_standard_value,字段无注释
column,public,gis_ecologicalregion,area,字段无注释
column,public,gis_naturereserve,total_area,字段无注释
column,public,gis_naturereserve,core_area,字段无注释
column,public,gis_naturereserve,buffer_area,字段无注释
column,public,gis_watershed_partition_4,2021,字段无注释
column,public,gis_watershed_partition_4,2025,字段无注释
column,public,gis_watershed_partition_4,2035,字段无注释
column,public,layer_reservoir_provincial,elemstime,字段无注释
column,public,layer_reservoir_provincial,elemetime,字段无注释
column,public,layer_reservoir_provincial,ecrm,字段无注释
column,public,layer_reservoir_provincial,wrid,字段无注释
column,public,layer_reservoir_provincial,wrgr,字段无注释
column,public,layer_reservoir_provincial,changeatt,字段无注释
column,public,layer_reservoir_provincial_label,elemstime,字段无注释
column,public,layer_reservoir_provincial_label,elemetime,字段无注释
column,public,layer_reservoir_provincial_label,ecrm,字段无注释
column,public,layer_reservoir_provincial_label,wrid,字段无注释
column,public,layer_reservoir_provincial_label,wrgr,字段无注释
column,public,layer_reservoir_provincial_label,changeatt,字段无注释
column,public,layer_reservoir_provincial_合并,elemstime,字段无注释
column,public,layer_reservoir_provincial_合并,elemetime,字段无注释
column,public,layer_reservoir_provincial_合并,ecrm,字段无注释
column,public,layer_reservoir_provincial_合并,wrid,字段无注释
column,public,layer_reservoir_provincial_合并,wrgr,字段无注释
column,public,layer_reservoir_provincial_合并,changeatt,字段无注释
column,public,layer_river_provincial,elemstime,字段无注释
column,public,layer_river_provincial,elemetime,字段无注释
column,public,layer_river_provincial,ecrm,字段无注释
column,public,layer_river_provincial,wrid,字段无注释
column,public,layer_river_provincial,wrgr,字段无注释
column,public,layer_river_provincial,changeatt,字段无注释
column,public,layer_river_provincial_bak0617,id,所属表被排除: 备份表，与主表重复，训练价值低
column,public,layer_river_provincial_bak0617,geom,所属表被排除: 备份表，与主表重复，训练价值低
column,public,layer_river_provincial_bak0617,cc,所属表被排除: 备份表，与主表重复，训练价值低
column,public,layer_river_provincial_bak0617,gb,所属表被排除: 备份表，与主表重复，训练价值低
column,public,layer_river_provincial_bak0617,bas,所属表被排除: 备份表，与主表重复，训练价值低
column,public,layer_river_provincial_bak0617,type,所属表被排除: 备份表，与主表重复，训练价值低
column,public,layer_river_provincial_bak0617,ec,所属表被排除: 备份表，与主表重复，训练价值低
column,public,layer_river_provincial_bak0617,grade,所属表被排除: 备份表，与主表重复，训练价值低
column,public,layer_river_provincial_bak0617,length,所属表被排除: 备份表，与主表重复，训练价值低
column,public,layer_river_provincial_bak0617,period,所属表被排除: 备份表，与主表重复，训练价值低
column,public,layer_river_provincial_bak0617,shrc,所属表被排除: 备份表，与主表重复，训练价值低
column,public,layer_river_provincial_bak0617,sdtf,所属表被排除: 备份表，与主表重复，训练价值低
column,public,layer_river_provincial_bak0617,width,所属表被排除: 备份表，与主表重复，训练价值低
column,public,layer_river_provincial_bak0617,featid,所属表被排除: 备份表，与主表重复，训练价值低
column,public,layer_river_provincial_bak0617,elemstime,所属表被排除: 备份表，与主表重复，训练价值低
column,public,layer_river_provincial_bak0617,elemetime,所属表被排除: 备份表，与主表重复，训练价值低
column,public,layer_river_provincial_bak0617,ecrm,所属表被排除: 备份表，与主表重复，训练价值低
column,public,layer_river_provincial_bak0617,wrid,所属表被排除: 备份表，与主表重复，训练价值低
column,public,layer_river_provincial_bak0617,wrgr,所属表被排除: 备份表，与主表重复，训练价值低
column,public,layer_river_provincial_bak0617,areacode,所属表被排除: 备份表，与主表重复，训练价值低
column,public,layer_river_provincial_bak0617,name,所属表被排除: 备份表，与主表重复，训练价值低
column,public,layer_river_provincial_bak0617,changetype,所属表被排除: 备份表，与主表重复，训练价值低
column,public,layer_river_provincial_bak0617,changeatt,所属表被排除: 备份表，与主表重复，训练价值低
column,public,rs_industrial_info_yc_bak0305,id,所属表被排除: 备份表，与主表重复，训练价值低
column,public,rs_industrial_info_yc_bak0305,name,所属表被排除: 备份表，与主表重复，训练价值低
column,public,rs_industrial_info_yc_bak0305,name_part,所属表被排除: 备份表，与主表重复，训练价值低
column,public,rs_industrial_info_yc_bak0305,region_code,所属表被排除: 备份表，与主表重复，训练价值低
column,public,rs_industrial_info_yc_bak0305,region_name,所属表被排除: 备份表，与主表重复，训练价值低
column,public,rs_industrial_info_yc_bak0305,park_level,所属表被排除: 备份表，与主表重复，训练价值低
column,public,rs_industrial_info_yc_bak0305,lon,所属表被排除: 备份表，与主表重复，训练价值低
column,public,rs_industrial_info_yc_bak0305,lat,所属表被排除: 备份表，与主表重复，训练价值低
column,public,rs_industrial_info_yc_bak0305,create_by,所属表被排除: 备份表，与主表重复，训练价值低
column,public,rs_industrial_info_yc_bak0305,create_time,所属表被排除: 备份表，与主表重复，训练价值低
column,public,rs_industrial_info_yc_bak0305,update_by,所属表被排除: 备份表，与主表重复，训练价值低
column,public,rs_industrial_info_yc_bak0305,update_time,所属表被排除: 备份表，与主表重复，训练价值低
column,public,rs_industrial_info_yc_bak0305,del_flag,所属表被排除: 备份表，与主表重复，训练价值低
column,public,rs_outlet,quick_detect_desc,字段无注释
column,public,spatial_ref_sys,srid,所属表被排除: PostGIS 系统表，非业务数据
column,public,spatial_ref_sys,auth_name,所属表被排除: PostGIS 系统表，非业务数据
column,public,spatial_ref_sys,auth_srid,所属表被排除: PostGIS 系统表，非业务数据
column,public,spatial_ref_sys,srtext,所属表被排除: PostGIS 系统表，非业务数据
column,public,spatial_ref_sys,proj4text,所属表被排除: PostGIS 系统表，非业务数据
column,public,stg_sjtj_sxhysjzxpt_dbo_operator_day_burnup_df,b_date,所属表被排除: 临时导入表，数据不稳定且字段语义未经业务确认
column,public,stg_sjtj_sxhysjzxpt_dbo_operator_day_burnup_df,operator,所属表被排除: 临时导入表，数据不稳定且字段语义未经业务确认
column,public,stg_sjtj_sxhysjzxpt_dbo_operator_day_burnup_df,burnup,所属表被排除: 临时导入表，数据不稳定且字段语义未经业务确认
column,public,stg_sjtj_sxhysjzxpt_dbo_operator_day_burnup_df,dt,所属表被排除: 临时导入表，数据不稳定且字段语义未经业务确认
column,public,stg_sjtj_sxhysjzxpt_t_vessel_info_df,declareno,所属表被排除: 临时导入表，数据不稳定且字段语义未经业务确认
column,public,stg_sjtj_sxhysjzxpt_t_vessel_info_df,portname,所属表被排除: 临时导入表，数据不稳定且字段语义未经业务确认
column,public,stg_sjtj_sxhysjzxpt_t_vessel_info_df,voyname,所属表被排除: 临时导入表，数据不稳定且字段语义未经业务确认
column,public,stg_sjtj_sxhysjzxpt_t_vessel_info_df,vslname,所属表被排除: 临时导入表，数据不稳定且字段语义未经业务确认
column,public,stg_sjtj_sxhysjzxpt_t_vessel_info_df,declaretime,所属表被排除: 临时导入表，数据不稳定且字段语义未经业务确认
column,public,stg_sjtj_sxhysjzxpt_t_vessel_info_df,levelporttime,所属表被排除: 临时导入表，数据不稳定且字段语义未经业务确认
column,public,stg_sjtj_sxhysjzxpt_t_vessel_info_df,companyname,所属表被排除: 临时导入表，数据不稳定且字段语义未经业务确认
column,public,stg_sjtj_sxhysjzxpt_t_vessel_info_df,dt,所属表被排除: 临时导入表，数据不稳定且字段语义未经业务确认
column,public,stg_sjtysj_cbwrwxtzlxxxt_b_anchorage_clean_company_df,id,所属表被排除: 临时导入表，数据不稳定且字段语义未经业务确认
column,public,stg_sjtysj_cbwrwxtzlxxxt_b_anchorage_clean_company_df,anchorage_id,所属表被排除: 临时导入表，数据不稳定且字段语义未经业务确认
column,public,stg_sjtysj_cbwrwxtzlxxxt_b_anchorage_clean_company_df,company_id,所属表被排除: 临时导入表，数据不稳定且字段语义未经业务确认
column,public,stg_sjtysj_cbwrwxtzlxxxt_b_anchorage_clean_company_df,dt,所属表被排除: 临时导入表，数据不稳定且字段语义未经业务确认
column,public,stg_sjtysj_cbwrwxtzlxxxt_b_anchorage_info_df,id,所属表被排除: 临时导入表，数据不稳定且字段语义未经业务确认
column,public,stg_sjtysj_cbwrwxtzlxxxt_b_anchorage_info_df,area,所属表被排除: 临时导入表，数据不稳定且字段语义未经业务确认
column,public,stg_sjtysj_cbwrwxtzlxxxt_b_anchorage_info_df,address,所属表被排除: 临时导入表，数据不稳定且字段语义未经业务确认
column,public,stg_sjtysj_cbwrwxtzlxxxt_b_anchorage_info_df,anchorage_name,所属表被排除: 临时导入表，数据不稳定且字段语义未经业务确认
column,public,stg_sjtysj_cbwrwxtzlxxxt_b_anchorage_info_df,lon,所属表被排除: 临时导入表，数据不稳定且字段语义未经业务确认
column,public,stg_sjtysj_cbwrwxtzlxxxt_b_anchorage_info_df,lat,所属表被排除: 临时导入表，数据不稳定且字段语义未经业务确认
column,public,stg_sjtysj_cbwrwxtzlxxxt_b_anchorage_info_df,corp_code,所属表被排除: 临时导入表，数据不稳定且字段语义未经业务确认
column,public,stg_sjtysj_cbwrwxtzlxxxt_b_anchorage_info_df,corp_codes,所属表被排除: 临时导入表，数据不稳定且字段语义未经业务确认
column,public,stg_sjtysj_cbwrwxtzlxxxt_b_anchorage_info_df,create_by,所属表被排除: 临时导入表，数据不稳定且字段语义未经业务确认
column,public,stg_sjtysj_cbwrwxtzlxxxt_b_anchorage_info_df,create_date,所属表被排除: 临时导入表，数据不稳定且字段语义未经业务确认
column,public,stg_sjtysj_cbwrwxtzlxxxt_b_anchorage_info_df,update_by,所属表被排除: 临时导入表，数据不稳定且字段语义未经业务确认
column,public,stg_sjtysj_cbwrwxtzlxxxt_b_anchorage_info_df,update_date,所属表被排除: 临时导入表，数据不稳定且字段语义未经业务确认
column,public,stg_sjtysj_cbwrwxtzlxxxt_b_anchorage_info_df,river_area,所属表被排除: 临时导入表，数据不稳定且字段语义未经业务确认
column,public,stg_sjtysj_cbwrwxtzlxxxt_b_anchorage_info_df,dam,所属表被排除: 临时导入表，数据不稳定且字段语义未经业务确认
column,public,stg_sjtysj_cbwrwxtzlxxxt_b_anchorage_info_df,dt,所属表被排除: 临时导入表，数据不稳定且字段语义未经业务确认
column,public,stg_sjtysj_cbwrwxtzlxxxt_b_clean_company_df,id,所属表被排除: 临时导入表，数据不稳定且字段语义未经业务确认
column,public,stg_sjtysj_cbwrwxtzlxxxt_b_clean_company_df,comp_name,所属表被排除: 临时导入表，数据不稳定且字段语义未经业务确认
column,public,stg_sjtysj_cbwrwxtzlxxxt_b_clean_company_df,comp_code,所属表被排除: 临时导入表，数据不稳定且字段语义未经业务确认
column,public,stg_sjtysj_cbwrwxtzlxxxt_b_clean_company_df,legal_person,所属表被排除: 临时导入表，数据不稳定且字段语义未经业务确认
column,public,stg_sjtysj_cbwrwxtzlxxxt_b_clean_company_df,tel,所属表被排除: 临时导入表，数据不稳定且字段语义未经业务确认
column,public,stg_sjtysj_cbwrwxtzlxxxt_b_clean_company_df,area,所属表被排除: 临时导入表，数据不稳定且字段语义未经业务确认
column,public,stg_sjtysj_cbwrwxtzlxxxt_b_clean_company_df,address,所属表被排除: 临时导入表，数据不稳定且字段语义未经业务确认
column,public,stg_sjtysj_cbwrwxtzlxxxt_b_clean_company_df,business_scope,所属表被排除: 临时导入表，数据不稳定且字段语义未经业务确认
column,public,stg_sjtysj_cbwrwxtzlxxxt_b_clean_company_df,validity_end,所属表被排除: 临时导入表，数据不稳定且字段语义未经业务确认
column,public,stg_sjtysj_cbwrwxtzlxxxt_b_clean_company_df,create_by,所属表被排除: 临时导入表，数据不稳定且字段语义未经业务确认
column,public,stg_sjtysj_cbwrwxtzlxxxt_b_clean_company_df,create_date,所属表被排除: 临时导入表，数据不稳定且字段语义未经业务确认
column,public,stg_sjtysj_cbwrwxtzlxxxt_b_clean_company_df,update_by,所属表被排除: 临时导入表，数据不稳定且字段语义未经业务确认
column,public,stg_sjtysj_cbwrwxtzlxxxt_b_clean_company_df,update_date,所属表被排除: 临时导入表，数据不稳定且字段语义未经业务确认
column,public,stg_sjtysj_cbwrwxtzlxxxt_b_clean_company_df,seal_img_url,所属表被排除: 临时导入表，数据不稳定且字段语义未经业务确认
column,public,stg_sjtysj_cbwrwxtzlxxxt_b_clean_company_df,dt,所属表被排除: 临时导入表，数据不稳定且字段语义未经业务确认
column,public,stg_sjtysj_cbwrwxtzlxxxt_b_coordination_index_df,id,所属表被排除: 临时导入表，数据不稳定且字段语义未经业务确认
column,public,stg_sjtysj_cbwrwxtzlxxxt_b_coordination_index_df,on_duty_receive_ship_count,所属表被排除: 临时导入表，数据不稳定且字段语义未经业务确认
column,public,stg_sjtysj_cbwrwxtzlxxxt_b_coordination_index_df,apply_num,所属表被排除: 临时导入表，数据不稳定且字段语义未经业务确认
column,public,stg_sjtysj_cbwrwxtzlxxxt_b_coordination_index_df,receive_num,所属表被排除: 临时导入表，数据不稳定且字段语义未经业务确认
column,public,stg_sjtysj_cbwrwxtzlxxxt_b_coordination_index_df,transfer_num,所属表被排除: 临时导入表，数据不稳定且字段语义未经业务确认
column,public,stg_sjtysj_cbwrwxtzlxxxt_b_coordination_index_df,process_num,所属表被排除: 临时导入表，数据不稳定且字段语义未经业务确认
column,public,stg_sjtysj_cbwrwxtzlxxxt_b_coordination_index_df,day,所属表被排除: 临时导入表，数据不稳定且字段语义未经业务确认
column,public,stg_sjtysj_cbwrwxtzlxxxt_b_coordination_index_df,coordination_index,所属表被排除: 临时导入表，数据不稳定且字段语义未经业务确认
column,public,stg_sjtysj_cbwrwxtzlxxxt_b_coordination_index_df,dt,所属表被排除: 临时导入表，数据不稳定且字段语义未经业务确认
column,public,stg_sjtysj_cbwrwxtzlxxxt_b_day_pollution_weight_df,id,所属表被排除: 临时导入表，数据不稳定且字段语义未经业务确认
column,public,stg_sjtysj_cbwrwxtzlxxxt_b_day_pollution_weight_df,date,所属表被排除: 临时导入表，数据不稳定且字段语义未经业务确认
column,public,stg_sjtysj_cbwrwxtzlxxxt_b_day_pollution_weight_df,kc_shlj,所属表被排除: 临时导入表，数据不稳定且字段语义未经业务确认
column,public,stg_sjtysj_cbwrwxtzlxxxt_b_day_pollution_weight_df,kc_shws,所属表被排除: 临时导入表，数据不稳定且字段语义未经业务确认
column,public,stg_sjtysj_cbwrwxtzlxxxt_b_day_pollution_weight_df,kc_hyws,所属表被排除: 临时导入表，数据不稳定且字段语义未经业务确认
column,public,stg_sjtysj_cbwrwxtzlxxxt_b_day_pollution_weight_df,kc_fy,所属表被排除: 临时导入表，数据不稳定且字段语义未经业务确认
column,public,stg_sjtysj_cbwrwxtzlxxxt_b_day_pollution_weight_df,hc_shlj,所属表被排除: 临时导入表，数据不稳定且字段语义未经业务确认
column,public,stg_sjtysj_cbwrwxtzlxxxt_b_day_pollution_weight_df,hc_shws,所属表被排除: 临时导入表，数据不稳定且字段语义未经业务确认
column,public,stg_sjtysj_cbwrwxtzlxxxt_b_day_pollution_weight_df,hc_hyws,所属表被排除: 临时导入表，数据不稳定且字段语义未经业务确认
column,public,stg_sjtysj_cbwrwxtzlxxxt_b_day_pollution_weight_df,hc_fy,所属表被排除: 临时导入表，数据不稳定且字段语义未经业务确认
column,public,stg_sjtysj_cbwrwxtzlxxxt_b_day_pollution_weight_df,qt_shlj,所属表被排除: 临时导入表，数据不稳定且字段语义未经业务确认
column,public,stg_sjtysj_cbwrwxtzlxxxt_b_day_pollution_weight_df,qt_shws,所属表被排除: 临时导入表，数据不稳定且字段语义未经业务确认
column,public,stg_sjtysj_cbwrwxtzlxxxt_b_day_pollution_weight_df,qt_hyws,所属表被排除: 临时导入表，数据不稳定且字段语义未经业务确认
column,public,stg_sjtysj_cbwrwxtzlxxxt_b_day_pollution_weight_df,qt_fy,所属表被排除: 临时导入表，数据不稳定且字段语义未经业务确认
column,public,stg_sjtysj_cbwrwxtzlxxxt_b_day_pollution_weight_df,dt,所属表被排除: 临时导入表，数据不稳定且字段语义未经业务确认
column,public,stg_sjtysj_cbwrwxtzlxxxt_b_day_receive_ship_kpi_df,id,所属表被排除: 临时导入表，数据不稳定且字段语义未经业务确认
column,public,stg_sjtysj_cbwrwxtzlxxxt_b_day_receive_ship_kpi_df,day,所属表被排除: 临时导入表，数据不稳定且字段语义未经业务确认
column,public,stg_sjtysj_cbwrwxtzlxxxt_b_day_receive_ship_kpi_df,receive_ship_id,所属表被排除: 临时导入表，数据不稳定且字段语义未经业务确认
column,public,stg_sjtysj_cbwrwxtzlxxxt_b_day_receive_ship_kpi_df,receive_ship_name,所属表被排除: 临时导入表，数据不稳定且字段语义未经业务确认
column,public,stg_sjtysj_cbwrwxtzlxxxt_b_day_receive_ship_kpi_df,company_id,所属表被排除: 临时导入表，数据不稳定且字段语义未经业务确认
column,public,stg_sjtysj_cbwrwxtzlxxxt_b_day_receive_ship_kpi_df,company_name,所属表被排除: 临时导入表，数据不稳定且字段语义未经业务确认
column,public,stg_sjtysj_cbwrwxtzlxxxt_b_day_receive_ship_kpi_df,ship_select_count,所属表被排除: 临时导入表，数据不稳定且字段语义未经业务确认
column,public,stg_sjtysj_cbwrwxtzlxxxt_b_day_receive_ship_kpi_df,qrcode_js_count,所属表被排除: 临时导入表，数据不稳定且字段语义未经业务确认
column,public,stg_sjtysj_cbwrwxtzlxxxt_b_day_receive_ship_kpi_df,subscribe_js_count,所属表被排除: 临时导入表，数据不稳定且字段语义未经业务确认
column,public,stg_sjtysj_cbwrwxtzlxxxt_b_day_receive_ship_kpi_df,js_poll_num,所属表被排除: 临时导入表，数据不稳定且字段语义未经业务确认
column,public,stg_sjtysj_cbwrwxtzlxxxt_b_day_receive_ship_kpi_df,dt,所属表被排除: 临时导入表，数据不稳定且字段语义未经业务确认
column,public,stg_sjtysj_cbwrwxtzlxxxt_b_day_subject_num_df,id,所属表被排除: 临时导入表，数据不稳定且字段语义未经业务确认
column,public,stg_sjtysj_cbwrwxtzlxxxt_b_day_subject_num_df,day,所属表被排除: 临时导入表，数据不稳定且字段语义未经业务确认
column,public,stg_sjtysj_cbwrwxtzlxxxt_b_day_subject_num_df,receive_ship_num,所属表被排除: 临时导入表，数据不稳定且字段语义未经业务确认
column,public,stg_sjtysj_cbwrwxtzlxxxt_b_day_subject_num_df,wharf_num,所属表被排除: 临时导入表，数据不稳定且字段语义未经业务确认
column,public,stg_sjtysj_cbwrwxtzlxxxt_b_day_subject_num_df,transfer_car_num,所属表被排除: 临时导入表，数据不稳定且字段语义未经业务确认
column,public,stg_sjtysj_cbwrwxtzlxxxt_b_day_subject_num_df,process_unit_num,所属表被排除: 临时导入表，数据不稳定且字段语义未经业务确认
column,public,stg_sjtysj_cbwrwxtzlxxxt_b_day_subject_num_df,supervise_org_num,所属表被排除: 临时导入表，数据不稳定且字段语义未经业务确认
column,public,stg_sjtysj_cbwrwxtzlxxxt_b_day_subject_num_df,dt,所属表被排除: 临时导入表，数据不稳定且字段语义未经业务确认
column,public,stg_sjtysj_cbwrwxtzlxxxt_b_day_sxhy_df,id,所属表被排除: 临时导入表，数据不稳定且字段语义未经业务确认
column,public,stg_sjtysj_cbwrwxtzlxxxt_b_day_sxhy_df,day,所属表被排除: 临时导入表，数据不稳定且字段语义未经业务确认
column,public,stg_sjtysj_cbwrwxtzlxxxt_b_day_sxhy_df,xcs_order_cnt,所属表被排除: 临时导入表，数据不稳定且字段语义未经业务确认
column,public,stg_sjtysj_cbwrwxtzlxxxt_b_day_sxhy_df,xcs_vol,所属表被排除: 临时导入表，数据不稳定且字段语义未经业务确认
column,public,stg_sjtysj_cbwrwxtzlxxxt_b_day_sxhy_df,order_cnt,所属表被排除: 临时导入表，数据不稳定且字段语义未经业务确认
column,public,stg_sjtysj_cbwrwxtzlxxxt_b_day_sxhy_df,order_weight,所属表被排除: 临时导入表，数据不稳定且字段语义未经业务确认
column,public,stg_sjtysj_cbwrwxtzlxxxt_b_day_sxhy_df,ship_cnt_td,所属表被排除: 临时导入表，数据不稳定且字段语义未经业务确认
column,public,stg_sjtysj_cbwrwxtzlxxxt_b_day_sxhy_df,ship_cnt_mtd,所属表被排除: 临时导入表，数据不稳定且字段语义未经业务确认
column,public,stg_sjtysj_cbwrwxtzlxxxt_b_day_sxhy_df,ship_cnt_ytd,所属表被排除: 临时导入表，数据不稳定且字段语义未经业务确认
column,public,stg_sjtysj_cbwrwxtzlxxxt_b_day_sxhy_df,dt,所属表被排除: 临时导入表，数据不稳定且字段语义未经业务确认
column,public,stg_sjtysj_cbwrwxtzlxxxt_b_month_receive_ship_kpi_df,id,所属表被排除: 临时导入表，数据不稳定且字段语义未经业务确认
column,public,stg_sjtysj_cbwrwxtzlxxxt_b_month_receive_ship_kpi_df,month,所属表被排除: 临时导入表，数据不稳定且字段语义未经业务确认
column,public,stg_sjtysj_cbwrwxtzlxxxt_b_month_receive_ship_kpi_df,receive_ship_id,所属表被排除: 临时导入表，数据不稳定且字段语义未经业务确认
column,public,stg_sjtysj_cbwrwxtzlxxxt_b_month_receive_ship_kpi_df,receive_ship_name,所属表被排除: 临时导入表，数据不稳定且字段语义未经业务确认
column,public,stg_sjtysj_cbwrwxtzlxxxt_b_month_receive_ship_kpi_df,company_id,所属表被排除: 临时导入表，数据不稳定且字段语义未经业务确认
column,public,stg_sjtysj_cbwrwxtzlxxxt_b_month_receive_ship_kpi_df,company_name,所属表被排除: 临时导入表，数据不稳定且字段语义未经业务确认
column,public,stg_sjtysj_cbwrwxtzlxxxt_b_month_receive_ship_kpi_df,subsidy_amount,所属表被排除: 临时导入表，数据不稳定且字段语义未经业务确认
column,public,stg_sjtysj_cbwrwxtzlxxxt_b_month_receive_ship_kpi_df,receive_order_count,所属表被排除: 临时导入表，数据不稳定且字段语义未经业务确认
column,public,stg_sjtysj_cbwrwxtzlxxxt_b_month_receive_ship_kpi_df,receive_poll_num,所属表被排除: 临时导入表，数据不稳定且字段语义未经业务确认
column,public,stg_sjtysj_cbwrwxtzlxxxt_b_month_receive_ship_kpi_df,receive_shlj_num,所属表被排除: 临时导入表，数据不稳定且字段语义未经业务确认
column,public,stg_sjtysj_cbwrwxtzlxxxt_b_month_receive_ship_kpi_df,receive_shws_num,所属表被排除: 临时导入表，数据不稳定且字段语义未经业务确认
column,public,stg_sjtysj_cbwrwxtzlxxxt_b_month_receive_ship_kpi_df,receive_hyws_num,所属表被排除: 临时导入表，数据不稳定且字段语义未经业务确认
column,public,stg_sjtysj_cbwrwxtzlxxxt_b_month_receive_ship_kpi_df,receive_fy_num,所属表被排除: 临时导入表，数据不稳定且字段语义未经业务确认
column,public,stg_sjtysj_cbwrwxtzlxxxt_b_month_receive_ship_kpi_df,receive_shlj_order_count,所属表被排除: 临时导入表，数据不稳定且字段语义未经业务确认
column,public,stg_sjtysj_cbwrwxtzlxxxt_b_month_receive_ship_kpi_df,receive_shws_order_count,所属表被排除: 临时导入表，数据不稳定且字段语义未经业务确认
column,public,stg_sjtysj_cbwrwxtzlxxxt_b_month_receive_ship_kpi_df,receive_hyws_order_count,所属表被排除: 临时导入表，数据不稳定且字段语义未经业务确认
column,public,stg_sjtysj_cbwrwxtzlxxxt_b_month_receive_ship_kpi_df,receive_fy_order_count,所属表被排除: 临时导入表，数据不稳定且字段语义未经业务确认
column,public,stg_sjtysj_cbwrwxtzlxxxt_b_month_receive_ship_kpi_df,create_time,所属表被排除: 临时导入表，数据不稳定且字段语义未经业务确认
column,public,stg_sjtysj_cbwrwxtzlxxxt_b_month_receive_ship_kpi_df,update_time,所属表被排除: 临时导入表，数据不稳定且字段语义未经业务确认
column,public,stg_sjtysj_cbwrwxtzlxxxt_b_month_receive_ship_kpi_df,dt,所属表被排除: 临时导入表，数据不稳定且字段语义未经业务确认
column,public,stg_sjtysj_cbwrwxtzlxxxt_b_order_receive_minute_df,id,所属表被排除: 临时导入表，数据不稳定且字段语义未经业务确认
column,public,stg_sjtysj_cbwrwxtzlxxxt_b_order_receive_minute_df,day,所属表被排除: 临时导入表，数据不稳定且字段语义未经业务确认
column,public,stg_sjtysj_cbwrwxtzlxxxt_b_order_receive_minute_df,clean_company_name,所属表被排除: 临时导入表，数据不稳定且字段语义未经业务确认
column,public,stg_sjtysj_cbwrwxtzlxxxt_b_order_receive_minute_df,order_minute,所属表被排除: 临时导入表，数据不稳定且字段语义未经业务确认
column,public,stg_sjtysj_cbwrwxtzlxxxt_b_order_receive_minute_df,order_num,所属表被排除: 临时导入表，数据不稳定且字段语义未经业务确认
column,public,stg_sjtysj_cbwrwxtzlxxxt_b_order_receive_minute_df,receive_minute,所属表被排除: 临时导入表，数据不稳定且字段语义未经业务确认
column,public,stg_sjtysj_cbwrwxtzlxxxt_b_order_receive_minute_df,receive_num,所属表被排除: 临时导入表，数据不稳定且字段语义未经业务确认
column,public,stg_sjtysj_cbwrwxtzlxxxt_b_order_receive_minute_df,dt,所属表被排除: 临时导入表，数据不稳定且字段语义未经业务确认
column,public,stg_sjtysj_cbwrwxtzlxxxt_b_process_unit_info_df,id,所属表被排除: 临时导入表，数据不稳定且字段语义未经业务确认
column,public,stg_sjtysj_cbwrwxtzlxxxt_b_process_unit_info_df,unit_name,所属表被排除: 临时导入表，数据不稳定且字段语义未经业务确认
column,public,stg_sjtysj_cbwrwxtzlxxxt_b_process_unit_info_df,unit_code,所属表被排除: 临时导入表，数据不稳定且字段语义未经业务确认
column,public,stg_sjtysj_cbwrwxtzlxxxt_b_process_unit_info_df,unit_type,所属表被排除: 临时导入表，数据不稳定且字段语义未经业务确认
column,public,stg_sjtysj_cbwrwxtzlxxxt_b_process_unit_info_df,legal_person,所属表被排除: 临时导入表，数据不稳定且字段语义未经业务确认
column,public,stg_sjtysj_cbwrwxtzlxxxt_b_process_unit_info_df,phone,所属表被排除: 临时导入表，数据不稳定且字段语义未经业务确认
column,public,stg_sjtysj_cbwrwxtzlxxxt_b_process_unit_info_df,address,所属表被排除: 临时导入表，数据不稳定且字段语义未经业务确认
column,public,stg_sjtysj_cbwrwxtzlxxxt_b_process_unit_info_df,address_name,所属表被排除: 临时导入表，数据不稳定且字段语义未经业务确认
column,public,stg_sjtysj_cbwrwxtzlxxxt_b_process_unit_info_df,detail,所属表被排除: 临时导入表，数据不稳定且字段语义未经业务确认
column,public,stg_sjtysj_cbwrwxtzlxxxt_b_process_unit_info_df,process_unit_type,所属表被排除: 临时导入表，数据不稳定且字段语义未经业务确认
column,public,stg_sjtysj_cbwrwxtzlxxxt_b_process_unit_info_df,create_by,所属表被排除: 临时导入表，数据不稳定且字段语义未经业务确认
column,public,stg_sjtysj_cbwrwxtzlxxxt_b_process_unit_info_df,create_date,所属表被排除: 临时导入表，数据不稳定且字段语义未经业务确认
column,public,stg_sjtysj_cbwrwxtzlxxxt_b_process_unit_info_df,update_by,所属表被排除: 临时导入表，数据不稳定且字段语义未经业务确认
column,public,stg_sjtysj_cbwrwxtzlxxxt_b_process_unit_info_df,update_date,所属表被排除: 临时导入表，数据不稳定且字段语义未经业务确认
column,public,stg_sjtysj_cbwrwxtzlxxxt_b_process_unit_info_df,seal_img_url,所属表被排除: 临时导入表，数据不稳定且字段语义未经业务确认
column,public,stg_sjtysj_cbwrwxtzlxxxt_b_process_unit_info_df,manager_unit,所属表被排除: 临时导入表，数据不稳定且字段语义未经业务确认
column,public,stg_sjtysj_cbwrwxtzlxxxt_b_process_unit_info_df,business_scope,所属表被排除: 临时导入表，数据不稳定且字段语义未经业务确认
column,public,stg_sjtysj_cbwrwxtzlxxxt_b_process_unit_info_df,business_scope_name,所属表被排除: 临时导入表，数据不稳定且字段语义未经业务确认
column,public,stg_sjtysj_cbwrwxtzlxxxt_b_process_unit_info_df,dt,所属表被排除: 临时导入表，数据不稳定且字段语义未经业务确认
column,public,stg_sjtysj_cbwrwxtzlxxxt_b_receive_ship_assessment_df,id,所属表被排除: 临时导入表，数据不稳定且字段语义未经业务确认
column,public,stg_sjtysj_cbwrwxtzlxxxt_b_receive_ship_assessment_df,resiveshipid,所属表被排除: 临时导入表，数据不稳定且字段语义未经业务确认
column,public,stg_sjtysj_cbwrwxtzlxxxt_b_receive_ship_assessment_df,resiveshipname,所属表被排除: 临时导入表，数据不稳定且字段语义未经业务确认
column,public,stg_sjtysj_cbwrwxtzlxxxt_b_receive_ship_assessment_df,cleancompayid,所属表被排除: 临时导入表，数据不稳定且字段语义未经业务确认
column,public,stg_sjtysj_cbwrwxtzlxxxt_b_receive_ship_assessment_df,shipnum,所属表被排除: 临时导入表，数据不稳定且字段语义未经业务确认
column,public,stg_sjtysj_cbwrwxtzlxxxt_b_receive_ship_assessment_df,billnum,所属表被排除: 临时导入表，数据不稳定且字段语义未经业务确认
column,public,stg_sjtysj_cbwrwxtzlxxxt_b_receive_ship_assessment_df,ontimes,所属表被排除: 临时导入表，数据不稳定且字段语义未经业务确认
column,public,stg_sjtysj_cbwrwxtzlxxxt_b_receive_ship_assessment_df,unbillnum,所属表被排除: 临时导入表，数据不稳定且字段语义未经业务确认
column,public,stg_sjtysj_cbwrwxtzlxxxt_b_receive_ship_assessment_df,untimes,所属表被排除: 临时导入表，数据不稳定且字段语义未经业务确认
column,public,stg_sjtysj_cbwrwxtzlxxxt_b_receive_ship_assessment_df,evaluation,所属表被排除: 临时导入表，数据不稳定且字段语义未经业务确认
column,public,stg_sjtysj_cbwrwxtzlxxxt_b_receive_ship_assessment_df,createtime,所属表被排除: 临时导入表，数据不稳定且字段语义未经业务确认
column,public,stg_sjtysj_cbwrwxtzlxxxt_b_receive_ship_assessment_df,countevaluation,所属表被排除: 临时导入表，数据不稳定且字段语义未经业务确认
column,public,stg_sjtysj_cbwrwxtzlxxxt_b_receive_ship_assessment_df,dt,所属表被排除: 临时导入表，数据不稳定且字段语义未经业务确认
column,public,stg_sjtysj_cbwrwxtzlxxxt_b_receive_ship_info_df,id,所属表被排除: 临时导入表，数据不稳定且字段语义未经业务确认
column,public,stg_sjtysj_cbwrwxtzlxxxt_b_receive_ship_info_df,ship_name,所属表被排除: 临时导入表，数据不稳定且字段语义未经业务确认
column,public,stg_sjtysj_cbwrwxtzlxxxt_b_receive_ship_info_df,clean_company_id,所属表被排除: 临时导入表，数据不稳定且字段语义未经业务确认
column,public,stg_sjtysj_cbwrwxtzlxxxt_b_receive_ship_info_df,registry_port,所属表被排除: 临时导入表，数据不稳定且字段语义未经业务确认
column,public,stg_sjtysj_cbwrwxtzlxxxt_b_receive_ship_info_df,ship_owner,所属表被排除: 临时导入表，数据不稳定且字段语义未经业务确认
column,public,stg_sjtysj_cbwrwxtzlxxxt_b_receive_ship_info_df,ship_operator,所属表被排除: 临时导入表，数据不稳定且字段语义未经业务确认
column,public,stg_sjtysj_cbwrwxtzlxxxt_b_receive_ship_info_df,captain,所属表被排除: 临时导入表，数据不稳定且字段语义未经业务确认
column,public,stg_sjtysj_cbwrwxtzlxxxt_b_receive_ship_info_df,captain_phone,所属表被排除: 临时导入表，数据不稳定且字段语义未经业务确认
column,public,stg_sjtysj_cbwrwxtzlxxxt_b_receive_ship_info_df,ship_type,所属表被排除: 临时导入表，数据不稳定且字段语义未经业务确认
column,public,stg_sjtysj_cbwrwxtzlxxxt_b_receive_ship_info_df,aircert_validity,所属表被排除: 临时导入表，数据不稳定且字段语义未经业务确认
column,public,stg_sjtysj_cbwrwxtzlxxxt_b_receive_ship_info_df,mmsi,所属表被排除: 临时导入表，数据不稳定且字段语义未经业务确认
column,public,stg_sjtysj_cbwrwxtzlxxxt_b_receive_ship_info_df,load_weight,所属表被排除: 临时导入表，数据不稳定且字段语义未经业务确认
column,public,stg_sjtysj_cbwrwxtzlxxxt_b_receive_ship_info_df,carrier_volume,所属表被排除: 临时导入表，数据不稳定且字段语义未经业务确认
column,public,stg_sjtysj_cbwrwxtzlxxxt_b_receive_ship_info_df,status,所属表被排除: 临时导入表，数据不稳定且字段语义未经业务确认
column,public,stg_sjtysj_cbwrwxtzlxxxt_b_receive_ship_info_df,create_by,所属表被排除: 临时导入表，数据不稳定且字段语义未经业务确认
column,public,stg_sjtysj_cbwrwxtzlxxxt_b_receive_ship_info_df,create_date,所属表被排除: 临时导入表，数据不稳定且字段语义未经业务确认
column,public,stg_sjtysj_cbwrwxtzlxxxt_b_receive_ship_info_df,update_by,所属表被排除: 临时导入表，数据不稳定且字段语义未经业务确认
column,public,stg_sjtysj_cbwrwxtzlxxxt_b_receive_ship_info_df,update_date,所属表被排除: 临时导入表，数据不稳定且字段语义未经业务确认
column,public,stg_sjtysj_cbwrwxtzlxxxt_b_receive_ship_info_df,fee_standard_status,所属表被排除: 临时导入表，数据不稳定且字段语义未经业务确认
column,public,stg_sjtysj_cbwrwxtzlxxxt_b_receive_ship_info_df,anchoring_distance,所属表被排除: 临时导入表，数据不稳定且字段语义未经业务确认
column,public,stg_sjtysj_cbwrwxtzlxxxt_b_receive_ship_info_df,free_flag,所属表被排除: 临时导入表，数据不稳定且字段语义未经业务确认
column,public,stg_sjtysj_cbwrwxtzlxxxt_b_receive_ship_info_df,dt,所属表被排除: 临时导入表，数据不稳定且字段语义未经业务确认
column,public,stg_sjtysj_cbwrwxtzlxxxt_b_transfer_car_df,id,所属表被排除: 临时导入表，数据不稳定且字段语义未经业务确认
column,public,stg_sjtysj_cbwrwxtzlxxxt_b_transfer_car_df,car_num,所属表被排除: 临时导入表，数据不稳定且字段语义未经业务确认
column,public,stg_sjtysj_cbwrwxtzlxxxt_b_transfer_car_df,process_unit_id,所属表被排除: 临时导入表，数据不稳定且字段语义未经业务确认
column,public,stg_sjtysj_cbwrwxtzlxxxt_b_transfer_car_df,driver,所属表被排除: 临时导入表，数据不稳定且字段语义未经业务确认
column,public,stg_sjtysj_cbwrwxtzlxxxt_b_transfer_car_df,phone,所属表被排除: 临时导入表，数据不稳定且字段语义未经业务确认
column,public,stg_sjtysj_cbwrwxtzlxxxt_b_transfer_car_df,car_type,所属表被排除: 临时导入表，数据不稳定且字段语义未经业务确认
column,public,stg_sjtysj_cbwrwxtzlxxxt_b_transfer_car_df,auto_trans_flag,所属表被排除: 临时导入表，数据不稳定且字段语义未经业务确认
column,public,stg_sjtysj_cbwrwxtzlxxxt_b_transfer_car_df,create_by,所属表被排除: 临时导入表，数据不稳定且字段语义未经业务确认
column,public,stg_sjtysj_cbwrwxtzlxxxt_b_transfer_car_df,create_date,所属表被排除: 临时导入表，数据不稳定且字段语义未经业务确认
column,public,stg_sjtysj_cbwrwxtzlxxxt_b_transfer_car_df,update_by,所属表被排除: 临时导入表，数据不稳定且字段语义未经业务确认
column,public,stg_sjtysj_cbwrwxtzlxxxt_b_transfer_car_df,update_date,所属表被排除: 临时导入表，数据不稳定且字段语义未经业务确认
column,public,stg_sjtysj_cbwrwxtzlxxxt_b_transfer_car_df,dt,所属表被排除: 临时导入表，数据不稳定且字段语义未经业务确认
column,public,stg_sjtysj_cbwrwxtzlxxxt_b_wharf_info_df,id,所属表被排除: 临时导入表，数据不稳定且字段语义未经业务确认
column,public,stg_sjtysj_cbwrwxtzlxxxt_b_wharf_info_df,wharf_name,所属表被排除: 临时导入表，数据不稳定且字段语义未经业务确认
column,public,stg_sjtysj_cbwrwxtzlxxxt_b_wharf_info_df,wharf_code,所属表被排除: 临时导入表，数据不稳定且字段语义未经业务确认
column,public,stg_sjtysj_cbwrwxtzlxxxt_b_wharf_info_df,legal_person,所属表被排除: 临时导入表，数据不稳定且字段语义未经业务确认
column,public,stg_sjtysj_cbwrwxtzlxxxt_b_wharf_info_df,phone,所属表被排除: 临时导入表，数据不稳定且字段语义未经业务确认
column,public,stg_sjtysj_cbwrwxtzlxxxt_b_wharf_info_df,area,所属表被排除: 临时导入表，数据不稳定且字段语义未经业务确认
column,public,stg_sjtysj_cbwrwxtzlxxxt_b_wharf_info_df,address,所属表被排除: 临时导入表，数据不稳定且字段语义未经业务确认
column,public,stg_sjtysj_cbwrwxtzlxxxt_b_wharf_info_df,validity_end,所属表被排除: 临时导入表，数据不稳定且字段语义未经业务确认
column,public,stg_sjtysj_cbwrwxtzlxxxt_b_wharf_info_df,receive_range,所属表被排除: 临时导入表，数据不稳定且字段语义未经业务确认
column,public,stg_sjtysj_cbwrwxtzlxxxt_b_wharf_info_df,anchorage_id,所属表被排除: 临时导入表，数据不稳定且字段语义未经业务确认
column,public,stg_sjtysj_cbwrwxtzlxxxt_b_wharf_info_df,create_by,所属表被排除: 临时导入表，数据不稳定且字段语义未经业务确认
column,public,stg_sjtysj_cbwrwxtzlxxxt_b_wharf_info_df,create_date,所属表被排除: 临时导入表，数据不稳定且字段语义未经业务确认
column,public,stg_sjtysj_cbwrwxtzlxxxt_b_wharf_info_df,update_by,所属表被排除: 临时导入表，数据不稳定且字段语义未经业务确认
column,public,stg_sjtysj_cbwrwxtzlxxxt_b_wharf_info_df,update_date,所属表被排除: 临时导入表，数据不稳定且字段语义未经业务确认
column,public,stg_sjtysj_cbwrwxtzlxxxt_b_wharf_info_df,seal_img_url,所属表被排除: 临时导入表，数据不稳定且字段语义未经业务确认
column,public,stg_sjtysj_cbwrwxtzlxxxt_b_wharf_info_df,pipe_network,所属表被排除: 临时导入表，数据不稳定且字段语义未经业务确认
column,public,stg_sjtysj_cbwrwxtzlxxxt_b_wharf_info_df,process_id,所属表被排除: 临时导入表，数据不稳定且字段语义未经业务确认
column,public,stg_sjtysj_cbwrwxtzlxxxt_b_wharf_info_df,only_jxy_flag,所属表被排除: 临时导入表，数据不稳定且字段语义未经业务确认
column,public,stg_sjtysj_cbwrwxtzlxxxt_b_wharf_info_df,dt,所属表被排除: 临时导入表，数据不稳定且字段语义未经业务确认
column,public,stg_sjtysj_cbwrwxtzlxxxt_b_wharf_info_df,geom,所属表被排除: 临时导入表，数据不稳定且字段语义未经业务确认
column,public,stg_sjtysj_cbwrwxtzlxxxt_b_wharf_kpi_df,id,所属表被排除: 临时导入表，数据不稳定且字段语义未经业务确认
column,public,stg_sjtysj_cbwrwxtzlxxxt_b_wharf_kpi_df,day,所属表被排除: 临时导入表，数据不稳定且字段语义未经业务确认
column,public,stg_sjtysj_cbwrwxtzlxxxt_b_wharf_kpi_df,wharf_name,所属表被排除: 临时导入表，数据不稳定且字段语义未经业务确认
column,public,stg_sjtysj_cbwrwxtzlxxxt_b_wharf_kpi_df,shlj_num,所属表被排除: 临时导入表，数据不稳定且字段语义未经业务确认
column,public,stg_sjtysj_cbwrwxtzlxxxt_b_wharf_kpi_df,shws_num,所属表被排除: 临时导入表，数据不稳定且字段语义未经业务确认
column,public,stg_sjtysj_cbwrwxtzlxxxt_b_wharf_kpi_df,hyws_num,所属表被排除: 临时导入表，数据不稳定且字段语义未经业务确认
column,public,stg_sjtysj_cbwrwxtzlxxxt_b_wharf_kpi_df,fy_num,所属表被排除: 临时导入表，数据不稳定且字段语义未经业务确认
column,public,stg_sjtysj_cbwrwxtzlxxxt_b_wharf_kpi_df,order_count,所属表被排除: 临时导入表，数据不稳定且字段语义未经业务确认
column,public,stg_sjtysj_cbwrwxtzlxxxt_b_wharf_kpi_df,dt,所属表被排除: 临时导入表，数据不稳定且字段语义未经业务确认
column,public,stg_sjtysj_cbwrwxtzlxxxt_p_apply_detail_df,id,所属表被排除: 临时导入表，数据不稳定且字段语义未经业务确认
column,public,stg_sjtysj_cbwrwxtzlxxxt_p_apply_detail_df,apply_no,所属表被排除: 临时导入表，数据不稳定且字段语义未经业务确认
column,public,stg_sjtysj_cbwrwxtzlxxxt_p_apply_detail_df,poll_type,所属表被排除: 临时导入表，数据不稳定且字段语义未经业务确认
column,public,stg_sjtysj_cbwrwxtzlxxxt_p_apply_detail_df,num,所属表被排除: 临时导入表，数据不稳定且字段语义未经业务确认
column,public,stg_sjtysj_cbwrwxtzlxxxt_p_apply_detail_df,remain_num,所属表被排除: 临时导入表，数据不稳定且字段语义未经业务确认
column,public,stg_sjtysj_cbwrwxtzlxxxt_p_apply_detail_df,unit,所属表被排除: 临时导入表，数据不稳定且字段语义未经业务确认
column,public,stg_sjtysj_cbwrwxtzlxxxt_p_apply_detail_df,amount,所属表被排除: 临时导入表，数据不稳定且字段语义未经业务确认
column,public,stg_sjtysj_cbwrwxtzlxxxt_p_apply_detail_df,apply_picture,所属表被排除: 临时导入表，数据不稳定且字段语义未经业务确认
column,public,stg_sjtysj_cbwrwxtzlxxxt_p_apply_detail_df,receive_picture,所属表被排除: 临时导入表，数据不稳定且字段语义未经业务确认
column,public,stg_sjtysj_cbwrwxtzlxxxt_p_apply_detail_df,apply_trans_picture,所属表被排除: 临时导入表，数据不稳定且字段语义未经业务确认
column,public,stg_sjtysj_cbwrwxtzlxxxt_p_apply_detail_df,trans_picture,所属表被排除: 临时导入表，数据不稳定且字段语义未经业务确认
column,public,stg_sjtysj_cbwrwxtzlxxxt_p_apply_detail_df,handle_picture,所属表被排除: 临时导入表，数据不稳定且字段语义未经业务确认
column,public,stg_sjtysj_cbwrwxtzlxxxt_p_apply_detail_df,remark,所属表被排除: 临时导入表，数据不稳定且字段语义未经业务确认
column,public,stg_sjtysj_cbwrwxtzlxxxt_p_apply_detail_df,trans_status,所属表被排除: 临时导入表，数据不稳定且字段语义未经业务确认
column,public,stg_sjtysj_cbwrwxtzlxxxt_p_apply_detail_df,apply_szy_status,所属表被排除: 临时导入表，数据不稳定且字段语义未经业务确认
column,public,stg_sjtysj_cbwrwxtzlxxxt_p_apply_detail_df,dt,所属表被排除: 临时导入表，数据不稳定且字段语义未经业务确认
column,public,stg_sjtysj_cbwrwxtzlxxxt_p_ashore_apply_df,apply_no,所属表被排除: 临时导入表，数据不稳定且字段语义未经业务确认
column,public,stg_sjtysj_cbwrwxtzlxxxt_p_ashore_apply_df,status,所属表被排除: 临时导入表，数据不稳定且字段语义未经业务确认
column,public,stg_sjtysj_cbwrwxtzlxxxt_p_ashore_apply_df,anchorage_name,所属表被排除: 临时导入表，数据不稳定且字段语义未经业务确认
column,public,stg_sjtysj_cbwrwxtzlxxxt_p_ashore_apply_df,port_id,所属表被排除: 临时导入表，数据不稳定且字段语义未经业务确认
column,public,stg_sjtysj_cbwrwxtzlxxxt_p_ashore_apply_df,ship_name,所属表被排除: 临时导入表，数据不稳定且字段语义未经业务确认
column,public,stg_sjtysj_cbwrwxtzlxxxt_p_ashore_apply_df,ship_nation,所属表被排除: 临时导入表，数据不稳定且字段语义未经业务确认
column,public,stg_sjtysj_cbwrwxtzlxxxt_p_ashore_apply_df,poll_type,所属表被排除: 临时导入表，数据不稳定且字段语义未经业务确认
column,public,stg_sjtysj_cbwrwxtzlxxxt_p_ashore_apply_df,num,所属表被排除: 临时导入表，数据不稳定且字段语义未经业务确认
column,public,stg_sjtysj_cbwrwxtzlxxxt_p_ashore_apply_df,unit,所属表被排除: 临时导入表，数据不稳定且字段语义未经业务确认
column,public,stg_sjtysj_cbwrwxtzlxxxt_p_ashore_apply_df,amount,所属表被排除: 临时导入表，数据不稳定且字段语义未经业务确认
column,public,stg_sjtysj_cbwrwxtzlxxxt_p_ashore_apply_df,app_id,所属表被排除: 临时导入表，数据不稳定且字段语义未经业务确认
column,public,stg_sjtysj_cbwrwxtzlxxxt_p_ashore_apply_df,remark,所属表被排除: 临时导入表，数据不稳定且字段语义未经业务确认
column,public,stg_sjtysj_cbwrwxtzlxxxt_p_ashore_apply_df,source,所属表被排除: 临时导入表，数据不稳定且字段语义未经业务确认
column,public,stg_sjtysj_cbwrwxtzlxxxt_p_ashore_apply_df,create_by,所属表被排除: 临时导入表，数据不稳定且字段语义未经业务确认
column,public,stg_sjtysj_cbwrwxtzlxxxt_p_ashore_apply_df,create_date,所属表被排除: 临时导入表，数据不稳定且字段语义未经业务确认
column,public,stg_sjtysj_cbwrwxtzlxxxt_p_ashore_apply_df,update_by,所属表被排除: 临时导入表，数据不稳定且字段语义未经业务确认
column,public,stg_sjtysj_cbwrwxtzlxxxt_p_ashore_apply_df,update_date,所属表被排除: 临时导入表，数据不稳定且字段语义未经业务确认
column,public,stg_sjtysj_cbwrwxtzlxxxt_p_ashore_apply_df,confirm_by,所属表被排除: 临时导入表，数据不稳定且字段语义未经业务确认
column,public,stg_sjtysj_cbwrwxtzlxxxt_p_ashore_apply_df,confirm_date,所属表被排除: 临时导入表，数据不稳定且字段语义未经业务确认
column,public,stg_sjtysj_cbwrwxtzlxxxt_p_ashore_apply_df,confirm_id,所属表被排除: 临时导入表，数据不稳定且字段语义未经业务确认
column,public,stg_sjtysj_cbwrwxtzlxxxt_p_ashore_apply_df,receive_num,所属表被排除: 临时导入表，数据不稳定且字段语义未经业务确认
column,public,stg_sjtysj_cbwrwxtzlxxxt_p_ashore_apply_df,wharf_id,所属表被排除: 临时导入表，数据不稳定且字段语义未经业务确认
column,public,stg_sjtysj_cbwrwxtzlxxxt_p_ashore_apply_df,receive_ship_id,所属表被排除: 临时导入表，数据不稳定且字段语义未经业务确认
column,public,stg_sjtysj_cbwrwxtzlxxxt_p_ashore_apply_df,receive_ship_name,所属表被排除: 临时导入表，数据不稳定且字段语义未经业务确认
column,public,stg_sjtysj_cbwrwxtzlxxxt_p_ashore_apply_df,receive_ship_nation,所属表被排除: 临时导入表，数据不稳定且字段语义未经业务确认
column,public,stg_sjtysj_cbwrwxtzlxxxt_p_ashore_apply_df,delivery_ship_captain,所属表被排除: 临时导入表，数据不稳定且字段语义未经业务确认
column,public,stg_sjtysj_cbwrwxtzlxxxt_p_ashore_apply_df,captain_phone,所属表被排除: 临时导入表，数据不稳定且字段语义未经业务确认
column,public,stg_sjtysj_cbwrwxtzlxxxt_p_ashore_apply_df,receive_ship_captain,所属表被排除: 临时导入表，数据不稳定且字段语义未经业务确认
column,public,stg_sjtysj_cbwrwxtzlxxxt_p_ashore_apply_df,receive_ship_captain_phone,所属表被排除: 临时导入表，数据不稳定且字段语义未经业务确认
column,public,stg_sjtysj_cbwrwxtzlxxxt_p_ashore_apply_df,receive_company,所属表被排除: 临时导入表，数据不稳定且字段语义未经业务确认
column,public,stg_sjtysj_cbwrwxtzlxxxt_p_ashore_apply_df,receive_person,所属表被排除: 临时导入表，数据不稳定且字段语义未经业务确认
column,public,stg_sjtysj_cbwrwxtzlxxxt_p_ashore_apply_df,receive_date,所属表被排除: 临时导入表，数据不稳定且字段语义未经业务确认
column,public,stg_sjtysj_cbwrwxtzlxxxt_p_ashore_apply_df,complete_receive_date,所属表被排除: 临时导入表，数据不稳定且字段语义未经业务确认
column,public,stg_sjtysj_cbwrwxtzlxxxt_p_ashore_apply_df,goods_type,所属表被排除: 临时导入表，数据不稳定且字段语义未经业务确认
column,public,stg_sjtysj_cbwrwxtzlxxxt_p_ashore_apply_df,actual_tons,所属表被排除: 临时导入表，数据不稳定且字段语义未经业务确认
column,public,stg_sjtysj_cbwrwxtzlxxxt_p_ashore_apply_df,standard_container_num,所属表被排除: 临时导入表，数据不稳定且字段语义未经业务确认
column,public,stg_sjtysj_cbwrwxtzlxxxt_p_ashore_apply_df,domestic_trade_num,所属表被排除: 临时导入表，数据不稳定且字段语义未经业务确认
column,public,stg_sjtysj_cbwrwxtzlxxxt_p_ashore_apply_df,foreign_trade_num,所属表被排除: 临时导入表，数据不稳定且字段语义未经业务确认
column,public,stg_sjtysj_cbwrwxtzlxxxt_p_ashore_apply_df,actual_crew_num,所属表被排除: 临时导入表，数据不稳定且字段语义未经业务确认
column,public,stg_sjtysj_cbwrwxtzlxxxt_p_ashore_apply_df,actual_poll_type,所属表被排除: 临时导入表，数据不稳定且字段语义未经业务确认
column,public,stg_sjtysj_cbwrwxtzlxxxt_p_ashore_apply_df,actual_poll_num,所属表被排除: 临时导入表，数据不稳定且字段语义未经业务确认
column,public,stg_sjtysj_cbwrwxtzlxxxt_p_ashore_apply_df,actual_poll_unit,所属表被排除: 临时导入表，数据不稳定且字段语义未经业务确认
column,public,stg_sjtysj_cbwrwxtzlxxxt_p_ashore_apply_df,evaluation,所属表被排除: 临时导入表，数据不稳定且字段语义未经业务确认
column,public,stg_sjtysj_cbwrwxtzlxxxt_p_ashore_apply_df,expected_delivery_time,所属表被排除: 临时导入表，数据不稳定且字段语义未经业务确认
column,public,stg_sjtysj_cbwrwxtzlxxxt_p_ashore_apply_df,reject_reason,所属表被排除: 临时导入表，数据不稳定且字段语义未经业务确认
column,public,stg_sjtysj_cbwrwxtzlxxxt_p_ashore_apply_df,pdf_img_url,所属表被排除: 临时导入表，数据不稳定且字段语义未经业务确认
column,public,stg_sjtysj_cbwrwxtzlxxxt_p_ashore_apply_df,shlj_text,所属表被排除: 临时导入表，数据不稳定且字段语义未经业务确认
column,public,stg_sjtysj_cbwrwxtzlxxxt_p_ashore_apply_df,shlj_time,所属表被排除: 临时导入表，数据不稳定且字段语义未经业务确认
column,public,stg_sjtysj_cbwrwxtzlxxxt_p_ashore_apply_df,fy_text,所属表被排除: 临时导入表，数据不稳定且字段语义未经业务确认
column,public,stg_sjtysj_cbwrwxtzlxxxt_p_ashore_apply_df,fy_time,所属表被排除: 临时导入表，数据不稳定且字段语义未经业务确认
column,public,stg_sjtysj_cbwrwxtzlxxxt_p_ashore_apply_df,hyws_text,所属表被排除: 临时导入表，数据不稳定且字段语义未经业务确认
column,public,stg_sjtysj_cbwrwxtzlxxxt_p_ashore_apply_df,hyws_time,所属表被排除: 临时导入表，数据不稳定且字段语义未经业务确认
column,public,stg_sjtysj_cbwrwxtzlxxxt_p_ashore_apply_df,shws_text,所属表被排除: 临时导入表，数据不稳定且字段语义未经业务确认
column,public,stg_sjtysj_cbwrwxtzlxxxt_p_ashore_apply_df,shws_time,所属表被排除: 临时导入表，数据不稳定且字段语义未经业务确认
column,public,stg_sjtysj_cbwrwxtzlxxxt_p_ashore_apply_df,ypj_status,所属表被排除: 临时导入表，数据不稳定且字段语义未经业务确认
column,public,stg_sjtysj_cbwrwxtzlxxxt_p_ashore_apply_df,deliverer,所属表被排除: 临时导入表，数据不稳定且字段语义未经业务确认
column,public,stg_sjtysj_cbwrwxtzlxxxt_p_ashore_apply_df,cex_data_source,所属表被排除: 临时导入表，数据不稳定且字段语义未经业务确认
column,public,stg_sjtysj_cbwrwxtzlxxxt_p_ashore_apply_df,qrcode_confirm_flag,所属表被排除: 临时导入表，数据不稳定且字段语义未经业务确认
column,public,stg_sjtysj_cbwrwxtzlxxxt_p_ashore_apply_df,qrcode_confirm_time,所属表被排除: 临时导入表，数据不稳定且字段语义未经业务确认
column,public,stg_sjtysj_cbwrwxtzlxxxt_p_ashore_apply_df,from_port_province,所属表被排除: 临时导入表，数据不稳定且字段语义未经业务确认
column,public,stg_sjtysj_cbwrwxtzlxxxt_p_ashore_apply_df,from_port_city,所属表被排除: 临时导入表，数据不稳定且字段语义未经业务确认
column,public,stg_sjtysj_cbwrwxtzlxxxt_p_ashore_apply_df,to_port_province,所属表被排除: 临时导入表，数据不稳定且字段语义未经业务确认
column,public,stg_sjtysj_cbwrwxtzlxxxt_p_ashore_apply_df,to_port_city,所属表被排除: 临时导入表，数据不稳定且字段语义未经业务确认
column,public,stg_sjtysj_cbwrwxtzlxxxt_p_ashore_apply_df,dt,所属表被排除: 临时导入表，数据不稳定且字段语义未经业务确认
column,public,stg_sjtysj_cbwrwxtzlxxxt_p_handover_trans_detail_df,id,所属表被排除: 临时导入表，数据不稳定且字段语义未经业务确认
column,public,stg_sjtysj_cbwrwxtzlxxxt_p_handover_trans_detail_df,trans_no,所属表被排除: 临时导入表，数据不稳定且字段语义未经业务确认
column,public,stg_sjtysj_cbwrwxtzlxxxt_p_handover_trans_detail_df,type,所属表被排除: 临时导入表，数据不稳定且字段语义未经业务确认
column,public,stg_sjtysj_cbwrwxtzlxxxt_p_handover_trans_detail_df,js_apply_no,所属表被排除: 临时导入表，数据不稳定且字段语义未经业务确认
column,public,stg_sjtysj_cbwrwxtzlxxxt_p_handover_trans_detail_df,js_detail_id,所属表被排除: 临时导入表，数据不稳定且字段语义未经业务确认
column,public,stg_sjtysj_cbwrwxtzlxxxt_p_handover_trans_detail_df,cc_store_no,所属表被排除: 临时导入表，数据不稳定且字段语义未经业务确认
column,public,stg_sjtysj_cbwrwxtzlxxxt_p_handover_trans_detail_df,create_time,所属表被排除: 临时导入表，数据不稳定且字段语义未经业务确认
column,public,stg_sjtysj_cbwrwxtzlxxxt_p_handover_trans_detail_df,dt,所属表被排除: 临时导入表，数据不稳定且字段语义未经业务确认
column,public,stg_sjtysj_cbwrwxtzlxxxt_p_handover_trans_df,id,所属表被排除: 临时导入表，数据不稳定且字段语义未经业务确认
column,public,stg_sjtysj_cbwrwxtzlxxxt_p_handover_trans_df,trans_no,所属表被排除: 临时导入表，数据不稳定且字段语义未经业务确认
column,public,stg_sjtysj_cbwrwxtzlxxxt_p_handover_trans_df,status,所属表被排除: 临时导入表，数据不稳定且字段语义未经业务确认
column,public,stg_sjtysj_cbwrwxtzlxxxt_p_handover_trans_df,cc_status,所属表被排除: 临时导入表，数据不稳定且字段语义未经业务确认
column,public,stg_sjtysj_cbwrwxtzlxxxt_p_handover_trans_df,trans_subject_type,所属表被排除: 临时导入表，数据不稳定且字段语义未经业务确认
column,public,stg_sjtysj_cbwrwxtzlxxxt_p_handover_trans_df,trans_subject_id,所属表被排除: 临时导入表，数据不稳定且字段语义未经业务确认
column,public,stg_sjtysj_cbwrwxtzlxxxt_p_handover_trans_df,trans_subject_name,所属表被排除: 临时导入表，数据不稳定且字段语义未经业务确认
column,public,stg_sjtysj_cbwrwxtzlxxxt_p_handover_trans_df,trans_subject_contact_person,所属表被排除: 临时导入表，数据不稳定且字段语义未经业务确认
column,public,stg_sjtysj_cbwrwxtzlxxxt_p_handover_trans_df,trans_subject_contact_telephone,所属表被排除: 临时导入表，数据不稳定且字段语义未经业务确认
column,public,stg_sjtysj_cbwrwxtzlxxxt_p_handover_trans_df,trans_subject_company,所属表被排除: 临时导入表，数据不稳定且字段语义未经业务确认
column,public,stg_sjtysj_cbwrwxtzlxxxt_p_handover_trans_df,confirm_receive_time,所属表被排除: 临时导入表，数据不稳定且字段语义未经业务确认
column,public,stg_sjtysj_cbwrwxtzlxxxt_p_handover_trans_df,receive_complete_time,所属表被排除: 临时导入表，数据不稳定且字段语义未经业务确认
column,public,stg_sjtysj_cbwrwxtzlxxxt_p_handover_trans_df,poll_type,所属表被排除: 临时导入表，数据不稳定且字段语义未经业务确认
column,public,stg_sjtysj_cbwrwxtzlxxxt_p_handover_trans_df,poll_weight_num,所属表被排除: 临时导入表，数据不稳定且字段语义未经业务确认
column,public,stg_sjtysj_cbwrwxtzlxxxt_p_handover_trans_df,apply_wharf_id,所属表被排除: 临时导入表，数据不稳定且字段语义未经业务确认
column,public,stg_sjtysj_cbwrwxtzlxxxt_p_handover_trans_df,apply_wharf_name,所属表被排除: 临时导入表，数据不稳定且字段语义未经业务确认
column,public,stg_sjtysj_cbwrwxtzlxxxt_p_handover_trans_df,apply_wharf_company,所属表被排除: 临时导入表，数据不稳定且字段语义未经业务确认
column,public,stg_sjtysj_cbwrwxtzlxxxt_p_handover_trans_df,apply_anchorage_name,所属表被排除: 临时导入表，数据不稳定且字段语义未经业务确认
column,public,stg_sjtysj_cbwrwxtzlxxxt_p_handover_trans_df,apply_contact_person,所属表被排除: 临时导入表，数据不稳定且字段语义未经业务确认
column,public,stg_sjtysj_cbwrwxtzlxxxt_p_handover_trans_df,apply_contact_telephone,所属表被排除: 临时导入表，数据不稳定且字段语义未经业务确认
column,public,stg_sjtysj_cbwrwxtzlxxxt_p_handover_trans_df,target_wharf_id,所属表被排除: 临时导入表，数据不稳定且字段语义未经业务确认
column,public,stg_sjtysj_cbwrwxtzlxxxt_p_handover_trans_df,target_wharf_name,所属表被排除: 临时导入表，数据不稳定且字段语义未经业务确认
column,public,stg_sjtysj_cbwrwxtzlxxxt_p_handover_trans_df,trans_start_time,所属表被排除: 临时导入表，数据不稳定且字段语义未经业务确认
column,public,stg_sjtysj_cbwrwxtzlxxxt_p_handover_trans_df,trans_complete_time,所属表被排除: 临时导入表，数据不稳定且字段语义未经业务确认
column,public,stg_sjtysj_cbwrwxtzlxxxt_p_handover_trans_df,apply_img_path,所属表被排除: 临时导入表，数据不稳定且字段语义未经业务确认
column,public,stg_sjtysj_cbwrwxtzlxxxt_p_handover_trans_df,cc_store_no,所属表被排除: 临时导入表，数据不稳定且字段语义未经业务确认
column,public,stg_sjtysj_cbwrwxtzlxxxt_p_handover_trans_df,create_time,所属表被排除: 临时导入表，数据不稳定且字段语义未经业务确认
column,public,stg_sjtysj_cbwrwxtzlxxxt_p_handover_trans_df,create_by,所属表被排除: 临时导入表，数据不稳定且字段语义未经业务确认
column,public,stg_sjtysj_cbwrwxtzlxxxt_p_handover_trans_df,remarks,所属表被排除: 临时导入表，数据不稳定且字段语义未经业务确认
column,public,stg_sjtysj_cbwrwxtzlxxxt_p_handover_trans_df,pdf_img_url,所属表被排除: 临时导入表，数据不稳定且字段语义未经业务确认
column,public,stg_sjtysj_cbwrwxtzlxxxt_p_handover_trans_df,dt,所属表被排除: 临时导入表，数据不稳定且字段语义未经业务确认
column,public,stg_sjtysj_cbwrwxtzlxxxt_p_receive_storage_df,apply_detail_id,所属表被排除: 临时导入表，数据不稳定且字段语义未经业务确认
column,public,stg_sjtysj_cbwrwxtzlxxxt_p_receive_storage_df,wharf_id,所属表被排除: 临时导入表，数据不稳定且字段语义未经业务确认
column,public,stg_sjtysj_cbwrwxtzlxxxt_p_receive_storage_df,apply_no,所属表被排除: 临时导入表，数据不稳定且字段语义未经业务确认
column,public,stg_sjtysj_cbwrwxtzlxxxt_p_receive_storage_df,storage_no,所属表被排除: 临时导入表，数据不稳定且字段语义未经业务确认
column,public,stg_sjtysj_cbwrwxtzlxxxt_p_receive_storage_df,dt,所属表被排除: 临时导入表，数据不稳定且字段语义未经业务确认
column,public,stg_sjtysj_cbwrwxtzlxxxt_p_trans_apply_detail_df,trans_no,所属表被排除: 临时导入表，数据不稳定且字段语义未经业务确认
column,public,stg_sjtysj_cbwrwxtzlxxxt_p_trans_apply_detail_df,trans_apply_line,所属表被排除: 临时导入表，数据不稳定且字段语义未经业务确认
column,public,stg_sjtysj_cbwrwxtzlxxxt_p_trans_apply_detail_df,receive_line,所属表被排除: 临时导入表，数据不稳定且字段语义未经业务确认
column,public,stg_sjtysj_cbwrwxtzlxxxt_p_trans_apply_detail_df,ashore_apply_no,所属表被排除: 临时导入表，数据不稳定且字段语义未经业务确认
column,public,stg_sjtysj_cbwrwxtzlxxxt_p_trans_apply_detail_df,dt,所属表被排除: 临时导入表，数据不稳定且字段语义未经业务确认
column,public,stg_sjtysj_cbwrwxtzlxxxt_p_trans_apply_df,trans_no,所属表被排除: 临时导入表，数据不稳定且字段语义未经业务确认
column,public,stg_sjtysj_cbwrwxtzlxxxt_p_trans_apply_df,status,所属表被排除: 临时导入表，数据不稳定且字段语义未经业务确认
column,public,stg_sjtysj_cbwrwxtzlxxxt_p_trans_apply_df,delivery_company_name,所属表被排除: 临时导入表，数据不稳定且字段语义未经业务确认
column,public,stg_sjtysj_cbwrwxtzlxxxt_p_trans_apply_df,delivery_ship_name,所属表被排除: 临时导入表，数据不稳定且字段语义未经业务确认
column,public,stg_sjtysj_cbwrwxtzlxxxt_p_trans_apply_df,delivery_ship_nation,所属表被排除: 临时导入表，数据不稳定且字段语义未经业务确认
column,public,stg_sjtysj_cbwrwxtzlxxxt_p_trans_apply_df,delivery_ship_caption,所属表被排除: 临时导入表，数据不稳定且字段语义未经业务确认
column,public,stg_sjtysj_cbwrwxtzlxxxt_p_trans_apply_df,delivery_ship_caption_tel,所属表被排除: 临时导入表，数据不稳定且字段语义未经业务确认
column,public,stg_sjtysj_cbwrwxtzlxxxt_p_trans_apply_df,car_id,所属表被排除: 临时导入表，数据不稳定且字段语义未经业务确认
column,public,stg_sjtysj_cbwrwxtzlxxxt_p_trans_apply_df,car_num,所属表被排除: 临时导入表，数据不稳定且字段语义未经业务确认
column,public,stg_sjtysj_cbwrwxtzlxxxt_p_trans_apply_df,car_driver,所属表被排除: 临时导入表，数据不稳定且字段语义未经业务确认
column,public,stg_sjtysj_cbwrwxtzlxxxt_p_trans_apply_df,car_driver_tel,所属表被排除: 临时导入表，数据不稳定且字段语义未经业务确认
column,public,stg_sjtysj_cbwrwxtzlxxxt_p_trans_apply_df,unit,所属表被排除: 临时导入表，数据不稳定且字段语义未经业务确认
column,public,stg_sjtysj_cbwrwxtzlxxxt_p_trans_apply_df,trans_address,所属表被排除: 临时导入表，数据不稳定且字段语义未经业务确认
column,public,stg_sjtysj_cbwrwxtzlxxxt_p_trans_apply_df,commit_num,所属表被排除: 临时导入表，数据不稳定且字段语义未经业务确认
column,public,stg_sjtysj_cbwrwxtzlxxxt_p_trans_apply_df,trans_num,所属表被排除: 临时导入表，数据不稳定且字段语义未经业务确认
column,public,stg_sjtysj_cbwrwxtzlxxxt_p_trans_apply_df,hander_num,所属表被排除: 临时导入表，数据不稳定且字段语义未经业务确认
column,public,stg_sjtysj_cbwrwxtzlxxxt_p_trans_apply_df,create_by,所属表被排除: 临时导入表，数据不稳定且字段语义未经业务确认
column,public,stg_sjtysj_cbwrwxtzlxxxt_p_trans_apply_df,create_date,所属表被排除: 临时导入表，数据不稳定且字段语义未经业务确认
column,public,stg_sjtysj_cbwrwxtzlxxxt_p_trans_apply_df,update_by,所属表被排除: 临时导入表，数据不稳定且字段语义未经业务确认
column,public,stg_sjtysj_cbwrwxtzlxxxt_p_trans_apply_df,update_date,所属表被排除: 临时导入表，数据不稳定且字段语义未经业务确认
column,public,stg_sjtysj_cbwrwxtzlxxxt_p_trans_apply_df,confirm_by,所属表被排除: 临时导入表，数据不稳定且字段语义未经业务确认
column,public,stg_sjtysj_cbwrwxtzlxxxt_p_trans_apply_df,confirm_date,所属表被排除: 临时导入表，数据不稳定且字段语义未经业务确认
column,public,stg_sjtysj_cbwrwxtzlxxxt_p_trans_apply_df,recycle_company_id,所属表被排除: 临时导入表，数据不稳定且字段语义未经业务确认
column,public,stg_sjtysj_cbwrwxtzlxxxt_p_trans_apply_df,recycle_company_name,所属表被排除: 临时导入表，数据不稳定且字段语义未经业务确认
column,public,stg_sjtysj_cbwrwxtzlxxxt_p_trans_apply_df,recycle_person,所属表被排除: 临时导入表，数据不稳定且字段语义未经业务确认
column,public,stg_sjtysj_cbwrwxtzlxxxt_p_trans_apply_df,recycle_phone,所属表被排除: 临时导入表，数据不稳定且字段语义未经业务确认
column,public,stg_sjtysj_cbwrwxtzlxxxt_p_trans_apply_df,delivery_address,所属表被排除: 临时导入表，数据不稳定且字段语义未经业务确认
column,public,stg_sjtysj_cbwrwxtzlxxxt_p_trans_apply_df,process_unit_id,所属表被排除: 临时导入表，数据不稳定且字段语义未经业务确认
column,public,stg_sjtysj_cbwrwxtzlxxxt_p_trans_apply_df,hander_by,所属表被排除: 临时导入表，数据不稳定且字段语义未经业务确认
column,public,stg_sjtysj_cbwrwxtzlxxxt_p_trans_apply_df,hander_date,所属表被排除: 临时导入表，数据不稳定且字段语义未经业务确认
column,public,stg_sjtysj_cbwrwxtzlxxxt_p_trans_apply_df,hander_comp,所属表被排除: 临时导入表，数据不稳定且字段语义未经业务确认
column,public,stg_sjtysj_cbwrwxtzlxxxt_p_trans_apply_df,hander_tel,所属表被排除: 临时导入表，数据不稳定且字段语义未经业务确认
column,public,stg_sjtysj_cbwrwxtzlxxxt_p_trans_apply_df,process_address,所属表被排除: 临时导入表，数据不稳定且字段语义未经业务确认
column,public,stg_sjtysj_cbwrwxtzlxxxt_p_trans_apply_df,poll_type,所属表被排除: 临时导入表，数据不稳定且字段语义未经业务确认
column,public,stg_sjtysj_cbwrwxtzlxxxt_p_trans_apply_df,poll_num,所属表被排除: 临时导入表，数据不稳定且字段语义未经业务确认
column,public,stg_sjtysj_cbwrwxtzlxxxt_p_trans_apply_df,poll_unit,所属表被排除: 临时导入表，数据不稳定且字段语义未经业务确认
column,public,stg_sjtysj_cbwrwxtzlxxxt_p_trans_apply_df,apply_recyclable_trash,所属表被排除: 临时导入表，数据不稳定且字段语义未经业务确认
column,public,stg_sjtysj_cbwrwxtzlxxxt_p_trans_apply_df,apply_kitchen_trash,所属表被排除: 临时导入表，数据不稳定且字段语义未经业务确认
column,public,stg_sjtysj_cbwrwxtzlxxxt_p_trans_apply_df,apply_other_trash,所属表被排除: 临时导入表，数据不稳定且字段语义未经业务确认
column,public,stg_sjtysj_cbwrwxtzlxxxt_p_trans_apply_df,apply_harmful_trash,所属表被排除: 临时导入表，数据不稳定且字段语义未经业务确认
column,public,stg_sjtysj_cbwrwxtzlxxxt_p_trans_apply_df,receive_recyclable_trash,所属表被排除: 临时导入表，数据不稳定且字段语义未经业务确认
column,public,stg_sjtysj_cbwrwxtzlxxxt_p_trans_apply_df,trans_kitchen_trash,所属表被排除: 临时导入表，数据不稳定且字段语义未经业务确认
column,public,stg_sjtysj_cbwrwxtzlxxxt_p_trans_apply_df,trans_other_trash,所属表被排除: 临时导入表，数据不稳定且字段语义未经业务确认
column,public,stg_sjtysj_cbwrwxtzlxxxt_p_trans_apply_df,trans_harmful_trash,所属表被排除: 临时导入表，数据不稳定且字段语义未经业务确认
column,public,stg_sjtysj_cbwrwxtzlxxxt_p_trans_apply_df,process_kitchen_trash,所属表被排除: 临时导入表，数据不稳定且字段语义未经业务确认
column,public,stg_sjtysj_cbwrwxtzlxxxt_p_trans_apply_df,process_other_trash,所属表被排除: 临时导入表，数据不稳定且字段语义未经业务确认
column,public,stg_sjtysj_cbwrwxtzlxxxt_p_trans_apply_df,process_harmful_trash,所属表被排除: 临时导入表，数据不稳定且字段语义未经业务确认
column,public,stg_sjtysj_cbwrwxtzlxxxt_p_trans_apply_df,recycle_pic,所属表被排除: 临时导入表，数据不稳定且字段语义未经业务确认
column,public,stg_sjtysj_cbwrwxtzlxxxt_p_trans_apply_df,recycle_remarks,所属表被排除: 临时导入表，数据不稳定且字段语义未经业务确认
column,public,stg_sjtysj_cbwrwxtzlxxxt_p_trans_apply_df,apply_trans_pic,所属表被排除: 临时导入表，数据不稳定且字段语义未经业务确认
column,public,stg_sjtysj_cbwrwxtzlxxxt_p_trans_apply_df,car_trans_pic,所属表被排除: 临时导入表，数据不稳定且字段语义未经业务确认
column,public,stg_sjtysj_cbwrwxtzlxxxt_p_trans_apply_df,car_trans_remarks,所属表被排除: 临时导入表，数据不稳定且字段语义未经业务确认
column,public,stg_sjtysj_cbwrwxtzlxxxt_p_trans_apply_df,handle_pic,所属表被排除: 临时导入表，数据不稳定且字段语义未经业务确认
column,public,stg_sjtysj_cbwrwxtzlxxxt_p_trans_apply_df,handle_remarks,所属表被排除: 临时导入表，数据不稳定且字段语义未经业务确认
column,public,stg_sjtysj_cbwrwxtzlxxxt_p_trans_apply_df,process_pdf,所属表被排除: 临时导入表，数据不稳定且字段语义未经业务确认
column,public,stg_sjtysj_cbwrwxtzlxxxt_p_trans_apply_df,pdf_img_url,所属表被排除: 临时导入表，数据不稳定且字段语义未经业务确认
column,public,stg_sjtysj_cbwrwxtzlxxxt_p_trans_apply_df,pdf_trans_img_url,所属表被排除: 临时导入表，数据不稳定且字段语义未经业务确认
column,public,stg_sjtysj_cbwrwxtzlxxxt_p_trans_apply_df,landing_time,所属表被排除: 临时导入表，数据不稳定且字段语义未经业务确认
column,public,stg_sjtysj_cbwrwxtzlxxxt_p_trans_apply_df,withdrawal_stats,所属表被排除: 临时导入表，数据不稳定且字段语义未经业务确认
column,public,stg_sjtysj_cbwrwxtzlxxxt_p_trans_apply_df,pipe_network,所属表被排除: 临时导入表，数据不稳定且字段语义未经业务确认
column,public,stg_sjtysj_cbwrwxtzlxxxt_p_trans_apply_df,wharf_name,所属表被排除: 临时导入表，数据不稳定且字段语义未经业务确认
column,public,stg_sjtysj_cbwrwxtzlxxxt_p_trans_apply_df,wharf_id,所属表被排除: 临时导入表，数据不稳定且字段语义未经业务确认
column,public,stg_sjtysj_cbwrwxtzlxxxt_p_trans_apply_df,wharf_mobile,所属表被排除: 临时导入表，数据不稳定且字段语义未经业务确认
column,public,stg_sjtysj_cbwrwxtzlxxxt_p_trans_apply_df,trans_vo,所属表被排除: 临时导入表，数据不稳定且字段语义未经业务确认
column,public,stg_sjtysj_cbwrwxtzlxxxt_p_trans_apply_df,process_vo,所属表被排除: 临时导入表，数据不稳定且字段语义未经业务确认
column,public,stg_sjtysj_cbwrwxtzlxxxt_p_trans_apply_df,trans_vo_time,所属表被排除: 临时导入表，数据不稳定且字段语义未经业务确认
column,public,stg_sjtysj_cbwrwxtzlxxxt_p_trans_apply_df,process_vo_time,所属表被排除: 临时导入表，数据不稳定且字段语义未经业务确认
column,public,stg_sjtysj_cbwrwxtzlxxxt_p_trans_apply_df,delivery_subject_type,所属表被排除: 临时导入表，数据不稳定且字段语义未经业务确认
column,public,stg_sjtysj_cbwrwxtzlxxxt_p_trans_apply_df,delivery_subject_id,所属表被排除: 临时导入表，数据不稳定且字段语义未经业务确认
column,public,stg_sjtysj_cbwrwxtzlxxxt_p_trans_apply_df,confirm_trans_time,所属表被排除: 临时导入表，数据不稳定且字段语义未经业务确认
column,public,stg_sjtysj_cbwrwxtzlxxxt_p_trans_apply_df,confirm_process_time,所属表被排除: 临时导入表，数据不稳定且字段语义未经业务确认
column,public,stg_sjtysj_cbwrwxtzlxxxt_p_trans_apply_df,dt,所属表被排除: 临时导入表，数据不稳定且字段语义未经业务确认
column,public,stg_sjtysj_cbwrwxtzlxxxt_p_wharf_storage_df,storage_no,所属表被排除: 临时导入表，数据不稳定且字段语义未经业务确认
column,public,stg_sjtysj_cbwrwxtzlxxxt_p_wharf_storage_df,status,所属表被排除: 临时导入表，数据不稳定且字段语义未经业务确认
column,public,stg_sjtysj_cbwrwxtzlxxxt_p_wharf_storage_df,receive_company_name,所属表被排除: 临时导入表，数据不稳定且字段语义未经业务确认
column,public,stg_sjtysj_cbwrwxtzlxxxt_p_wharf_storage_df,receive_ship_name,所属表被排除: 临时导入表，数据不稳定且字段语义未经业务确认
column,public,stg_sjtysj_cbwrwxtzlxxxt_p_wharf_storage_df,receive_ship_caption,所属表被排除: 临时导入表，数据不稳定且字段语义未经业务确认
column,public,stg_sjtysj_cbwrwxtzlxxxt_p_wharf_storage_df,receive_ship_caption_tel,所属表被排除: 临时导入表，数据不稳定且字段语义未经业务确认
column,public,stg_sjtysj_cbwrwxtzlxxxt_p_wharf_storage_df,create_by,所属表被排除: 临时导入表，数据不稳定且字段语义未经业务确认
column,public,stg_sjtysj_cbwrwxtzlxxxt_p_wharf_storage_df,create_date,所属表被排除: 临时导入表，数据不稳定且字段语义未经业务确认
column,public,stg_sjtysj_cbwrwxtzlxxxt_p_wharf_storage_df,update_by,所属表被排除: 临时导入表，数据不稳定且字段语义未经业务确认
column,public,stg_sjtysj_cbwrwxtzlxxxt_p_wharf_storage_df,update_date,所属表被排除: 临时导入表，数据不稳定且字段语义未经业务确认
column,public,stg_sjtysj_cbwrwxtzlxxxt_p_wharf_storage_df,confirm_by,所属表被排除: 临时导入表，数据不稳定且字段语义未经业务确认
column,public,stg_sjtysj_cbwrwxtzlxxxt_p_wharf_storage_df,confirm_date,所属表被排除: 临时导入表，数据不稳定且字段语义未经业务确认
column,public,stg_sjtysj_cbwrwxtzlxxxt_p_wharf_storage_df,wharf_name,所属表被排除: 临时导入表，数据不稳定且字段语义未经业务确认
column,public,stg_sjtysj_cbwrwxtzlxxxt_p_wharf_storage_df,wharf_id,所属表被排除: 临时导入表，数据不稳定且字段语义未经业务确认
column,public,stg_sjtysj_cbwrwxtzlxxxt_p_wharf_storage_df,poll_type,所属表被排除: 临时导入表，数据不稳定且字段语义未经业务确认
column,public,stg_sjtysj_cbwrwxtzlxxxt_p_wharf_storage_df,poll_num,所属表被排除: 临时导入表，数据不稳定且字段语义未经业务确认
column,public,stg_sjtysj_cbwrwxtzlxxxt_p_wharf_storage_df,poll_unit,所属表被排除: 临时导入表，数据不稳定且字段语义未经业务确认
column,public,stg_sjtysj_cbwrwxtzlxxxt_p_wharf_storage_df,remarks,所属表被排除: 临时导入表，数据不稳定且字段语义未经业务确认
column,public,stg_sjtysj_cbwrwxtzlxxxt_p_wharf_storage_df,picture,所属表被排除: 临时导入表，数据不稳定且字段语义未经业务确认
column,public,stg_sjtysj_cbwrwxtzlxxxt_p_wharf_storage_df,receive_area,所属表被排除: 临时导入表，数据不稳定且字段语义未经业务确认
column,public,stg_sjtysj_cbwrwxtzlxxxt_p_wharf_storage_df,storage_order_pdf,所属表被排除: 临时导入表，数据不稳定且字段语义未经业务确认
column,public,stg_sjtysj_cbwrwxtzlxxxt_p_wharf_storage_df,storage_order_img,所属表被排除: 临时导入表，数据不稳定且字段语义未经业务确认
column,public,stg_sjtysj_cbwrwxtzlxxxt_p_wharf_storage_df,handover_trans_no,所属表被排除: 临时导入表，数据不稳定且字段语义未经业务确认
column,public,stg_sjtysj_cbwrwxtzlxxxt_p_wharf_storage_df,apply_szy_status,所属表被排除: 临时导入表，数据不稳定且字段语义未经业务确认
column,public,stg_sjtysj_cbwrwxtzlxxxt_p_wharf_storage_df,dt,所属表被排除: 临时导入表，数据不稳定且字段语义未经业务确认
column,public,stg_sslhhpj_hbsxkqycszhslzhglptjsxm_att_bas_base_df,bas_code,所属表被排除: 临时导入表，数据不稳定且字段语义未经业务确认
column,public,stg_sslhhpj_hbsxkqycszhslzhglptjsxm_att_bas_base_df,bas_name,所属表被排除: 临时导入表，数据不稳定且字段语义未经业务确认
column,public,stg_sslhhpj_hbsxkqycszhslzhglptjsxm_att_bas_base_df,parent_bas_code,所属表被排除: 临时导入表，数据不稳定且字段语义未经业务确认
column,public,stg_sslhhpj_hbsxkqycszhslzhglptjsxm_att_bas_base_df,businessid,所属表被排除: 临时导入表，数据不稳定且字段语义未经业务确认
column,public,stg_sslhhpj_hbsxkqycszhslzhglptjsxm_att_bas_base_df,low_left_long,所属表被排除: 临时导入表，数据不稳定且字段语义未经业务确认
column,public,stg_sslhhpj_hbsxkqycszhslzhglptjsxm_att_bas_base_df,low_left_lat,所属表被排除: 临时导入表，数据不稳定且字段语义未经业务确认
column,public,stg_sslhhpj_hbsxkqycszhslzhglptjsxm_att_bas_base_df,up_right_long,所属表被排除: 临时导入表，数据不稳定且字段语义未经业务确认
column,public,stg_sslhhpj_hbsxkqycszhslzhglptjsxm_att_bas_base_df,up_right_lat,所属表被排除: 临时导入表，数据不稳定且字段语义未经业务确认
column,public,stg_sslhhpj_hbsxkqycszhslzhglptjsxm_att_bas_base_df,cr_over_type,所属表被排除: 临时导入表，数据不稳定且字段语义未经业务确认
column,public,stg_sslhhpj_hbsxkqycszhslzhglptjsxm_att_bas_base_df,adcd,所属表被排除: 临时导入表，数据不稳定且字段语义未经业务确认
column,public,stg_sslhhpj_hbsxkqycszhslzhglptjsxm_att_bas_base_df,bas_ad_name,所属表被排除: 临时导入表，数据不稳定且字段语义未经业务确认
column,public,stg_sslhhpj_hbsxkqycszhslzhglptjsxm_att_bas_base_df,bas_grad,所属表被排除: 临时导入表，数据不稳定且字段语义未经业务确认
column,public,stg_sslhhpj_hbsxkqycszhslzhglptjsxm_att_bas_base_df,bas_area,所属表被排除: 临时导入表，数据不稳定且字段语义未经业务确认
column,public,stg_sslhhpj_hbsxkqycszhslzhglptjsxm_att_bas_base_df,sort,所属表被排除: 临时导入表，数据不稳定且字段语义未经业务确认
column,public,stg_sslhhpj_hbsxkqycszhslzhglptjsxm_att_bas_base_df,bas_source,所属表被排除: 临时导入表，数据不稳定且字段语义未经业务确认
column,public,stg_sslhhpj_hbsxkqycszhslzhglptjsxm_att_bas_base_df,note,所属表被排除: 临时导入表，数据不稳定且字段语义未经业务确认
column,public,stg_sslhhpj_hbsxkqycszhslzhglptjsxm_att_bas_base_df,coordinates,所属表被排除: 临时导入表，数据不稳定且字段语义未经业务确认
column,public,stg_sslhhpj_hbsxkqycszhslzhglptjsxm_att_bas_base_df,optype,所属表被排除: 临时导入表，数据不稳定且字段语义未经业务确认
column,public,stg_sslhhpj_hbsxkqycszhslzhglptjsxm_att_bas_base_df,source,所属表被排除: 临时导入表，数据不稳定且字段语义未经业务确认
column,public,stg_sslhhpj_hbsxkqycszhslzhglptjsxm_att_bas_base_df,optime,所属表被排除: 临时导入表，数据不稳定且字段语义未经业务确认
column,public,stg_sslhhpj_hbsxkqycszhslzhglptjsxm_att_bas_base_df,dt,所属表被排除: 临时导入表，数据不稳定且字段语义未经业务确认
column,public,stg_sslhhpj_hbsxkqycszhslzhglptjsxm_att_wmst_base_df,wmst_code,所属表被排除: 临时导入表，数据不稳定且字段语义未经业务确认
column,public,stg_sslhhpj_hbsxkqycszhslzhglptjsxm_att_wmst_base_df,wmst_name,所属表被排除: 临时导入表，数据不稳定且字段语义未经业务确认
column,public,stg_sslhhpj_hbsxkqycszhslzhglptjsxm_att_wmst_base_df,businessid,所属表被排除: 临时导入表，数据不稳定且字段语义未经业务确认
column,public,stg_sslhhpj_hbsxkqycszhslzhglptjsxm_att_wmst_base_df,wmst_type,所属表被排除: 临时导入表，数据不稳定且字段语义未经业务确认
column,public,stg_sslhhpj_hbsxkqycszhslzhglptjsxm_att_wmst_base_df,wmst_lon,所属表被排除: 临时导入表，数据不稳定且字段语义未经业务确认
column,public,stg_sslhhpj_hbsxkqycszhslzhglptjsxm_att_wmst_base_df,wmst_lat,所属表被排除: 临时导入表，数据不稳定且字段语义未经业务确认
column,public,stg_sslhhpj_hbsxkqycszhslzhglptjsxm_att_wmst_base_df,wmst_xzc,所属表被排除: 临时导入表，数据不稳定且字段语义未经业务确认
column,public,stg_sslhhpj_hbsxkqycszhslzhglptjsxm_att_wmst_base_df,wmst_loc,所属表被排除: 临时导入表，数据不稳定且字段语义未经业务确认
column,public,stg_sslhhpj_hbsxkqycszhslzhglptjsxm_att_wmst_base_df,adcd,所属表被排除: 临时导入表，数据不稳定且字段语义未经业务确认
column,public,stg_sslhhpj_hbsxkqycszhslzhglptjsxm_att_wmst_base_df,rv_name,所属表被排除: 临时导入表，数据不稳定且字段语义未经业务确认
column,public,stg_sslhhpj_hbsxkqycszhslzhglptjsxm_att_wmst_base_df,wmst_obj,所属表被排除: 临时导入表，数据不稳定且字段语义未经业务确认
column,public,stg_sslhhpj_hbsxkqycszhslzhglptjsxm_att_wmst_base_df,object_code,所属表被排除: 临时导入表，数据不稳定且字段语义未经业务确认
column,public,stg_sslhhpj_hbsxkqycszhslzhglptjsxm_att_wmst_base_df,device_type,所属表被排除: 临时导入表，数据不稳定且字段语义未经业务确认
column,public,stg_sslhhpj_hbsxkqycszhslzhglptjsxm_att_wmst_base_df,wmst_status,所属表被排除: 临时导入表，数据不稳定且字段语义未经业务确认
column,public,stg_sslhhpj_hbsxkqycszhslzhglptjsxm_att_wmst_base_df,sbcs,所属表被排除: 临时导入表，数据不稳定且字段语义未经业务确认
column,public,stg_sslhhpj_hbsxkqycszhslzhglptjsxm_att_wmst_base_df,bmgs,所属表被排除: 临时导入表，数据不稳定且字段语义未经业务确认
column,public,stg_sslhhpj_hbsxkqycszhslzhglptjsxm_att_wmst_base_df,fbl,所属表被排除: 临时导入表，数据不稳定且字段语义未经业务确认
column,public,stg_sslhhpj_hbsxkqycszhslzhglptjsxm_att_wmst_base_df,ktjjfw,所属表被排除: 临时导入表，数据不稳定且字段语义未经业务确认
column,public,stg_sslhhpj_hbsxkqycszhslzhglptjsxm_att_wmst_base_df,adminunit,所属表被排除: 临时导入表，数据不稳定且字段语义未经业务确认
column,public,stg_sslhhpj_hbsxkqycszhslzhglptjsxm_att_wmst_base_df,drctrdpt,所属表被排除: 临时导入表，数据不稳定且字段语义未经业务确认
column,public,stg_sslhhpj_hbsxkqycszhslzhglptjsxm_att_wmst_base_df,adm_dep,所属表被排除: 临时导入表，数据不稳定且字段语义未经业务确认
column,public,stg_sslhhpj_hbsxkqycszhslzhglptjsxm_att_wmst_base_df,note,所属表被排除: 临时导入表，数据不稳定且字段语义未经业务确认
column,public,stg_sslhhpj_hbsxkqycszhslzhglptjsxm_att_wmst_base_df,region_source,所属表被排除: 临时导入表，数据不稳定且字段语义未经业务确认
column,public,stg_sslhhpj_hbsxkqycszhslzhglptjsxm_att_wmst_base_df,sfxs,所属表被排除: 临时导入表，数据不稳定且字段语义未经业务确认
column,public,stg_sslhhpj_hbsxkqycszhslzhglptjsxm_att_wmst_base_df,optype,所属表被排除: 临时导入表，数据不稳定且字段语义未经业务确认
column,public,stg_sslhhpj_hbsxkqycszhslzhglptjsxm_att_wmst_base_df,source,所属表被排除: 临时导入表，数据不稳定且字段语义未经业务确认
column,public,stg_sslhhpj_hbsxkqycszhslzhglptjsxm_att_wmst_base_df,optime,所属表被排除: 临时导入表，数据不稳定且字段语义未经业务确认
column,public,stg_sslhhpj_hbsxkqycszhslzhglptjsxm_att_wmst_base_df,dt,所属表被排除: 临时导入表，数据不稳定且字段语义未经业务确认
column,public,stg_sslhhpj_hbsxkqycszhslzhglptjsxm_rcm_rv_lk_res_df,id,所属表被排除: 临时导入表，数据不稳定且字段语义未经业务确认
column,public,stg_sslhhpj_hbsxkqycszhslzhglptjsxm_rcm_rv_lk_res_df,obj_id,所属表被排除: 临时导入表，数据不稳定且字段语义未经业务确认
column,public,stg_sslhhpj_hbsxkqycszhslzhglptjsxm_rcm_rv_lk_res_df,obj_type,所属表被排除: 临时导入表，数据不稳定且字段语义未经业务确认
column,public,stg_sslhhpj_hbsxkqycszhslzhglptjsxm_rcm_rv_lk_res_df,obj_code,所属表被排除: 临时导入表，数据不稳定且字段语义未经业务确认
column,public,stg_sslhhpj_hbsxkqycszhslzhglptjsxm_rcm_rv_lk_res_df,obj_name,所属表被排除: 临时导入表，数据不稳定且字段语义未经业务确认
column,public,stg_sslhhpj_hbsxkqycszhslzhglptjsxm_rcm_rv_lk_res_df,basin_id,所属表被排除: 临时导入表，数据不稳定且字段语义未经业务确认
column,public,stg_sslhhpj_hbsxkqycszhslzhglptjsxm_rcm_rv_lk_res_df,note,所属表被排除: 临时导入表，数据不稳定且字段语义未经业务确认
column,public,stg_sslhhpj_hbsxkqycszhslzhglptjsxm_rcm_rv_lk_res_df,sort_order,所属表被排除: 临时导入表，数据不稳定且字段语义未经业务确认
column,public,stg_sslhhpj_hbsxkqycszhslzhglptjsxm_rcm_rv_lk_res_df,create_by,所属表被排除: 临时导入表，数据不稳定且字段语义未经业务确认
column,public,stg_sslhhpj_hbsxkqycszhslzhglptjsxm_rcm_rv_lk_res_df,create_time,所属表被排除: 临时导入表，数据不稳定且字段语义未经业务确认
column,public,stg_sslhhpj_hbsxkqycszhslzhglptjsxm_rcm_rv_lk_res_df,update_by,所属表被排除: 临时导入表，数据不稳定且字段语义未经业务确认
column,public,stg_sslhhpj_hbsxkqycszhslzhglptjsxm_rcm_rv_lk_res_df,update_time,所属表被排除: 临时导入表，数据不稳定且字段语义未经业务确认
column,public,stg_sslhhpj_hbsxkqycszhslzhglptjsxm_rcm_rv_lk_res_df,iz_del,所属表被排除: 临时导入表，数据不稳定且字段语义未经业务确认
column,public,stg_sslhhpj_hbsxkqycszhslzhglptjsxm_rcm_rv_lk_res_df,water_system,所属表被排除: 临时导入表，数据不稳定且字段语义未经业务确认
column,public,stg_sslhhpj_hbsxkqycszhslzhglptjsxm_rcm_rv_lk_res_df,dt,所属表被排除: 临时导入表，数据不稳定且字段语义未经业务确认
column,public,stg_sslhhpj_hbsxkqycszhslzhglptjsxm_rel_st_source_df,st_code,所属表被排除: 临时导入表，数据不稳定且字段语义未经业务确认
column,public,stg_sslhhpj_hbsxkqycszhslzhglptjsxm_rel_st_source_df,atcunit,所属表被排除: 临时导入表，数据不稳定且字段语义未经业务确认
column,public,stg_sslhhpj_hbsxkqycszhslzhglptjsxm_rel_st_source_df,dt,所属表被排除: 临时导入表，数据不稳定且字段语义未经业务确认
column,public,stg_sslhhpj_hbsxkqycszhslzhglptjsxm_warn_stcd_r_df,countywarnid,所属表被排除: 临时导入表，数据不稳定且字段语义未经业务确认
column,public,stg_sslhhpj_hbsxkqycszhslzhglptjsxm_warn_stcd_r_df,warnid,所属表被排除: 临时导入表，数据不稳定且字段语义未经业务确认
column,public,stg_sslhhpj_hbsxkqycszhslzhglptjsxm_warn_stcd_r_df,stcd,所属表被排除: 临时导入表，数据不稳定且字段语义未经业务确认
column,public,stg_sslhhpj_hbsxkqycszhslzhglptjsxm_warn_stcd_r_df,stwarnid,所属表被排除: 临时导入表，数据不稳定且字段语义未经业务确认
column,public,stg_sslhhpj_hbsxkqycszhslzhglptjsxm_warn_stcd_r_df,countystwarnid,所属表被排除: 临时导入表，数据不稳定且字段语义未经业务确认
column,public,stg_sslhhpj_hbsxkqycszhslzhglptjsxm_warn_stcd_r_df,dt,所属表被排除: 临时导入表，数据不稳定且字段语义未经业务确认
column,public,stg_sslhhpj_hbsxkqycszhslzhglptjsxm_wr_mp_b_df,mp_cd,所属表被排除: 临时导入表，数据不稳定且字段语义未经业务确认
column,public,stg_sslhhpj_hbsxkqycszhslzhglptjsxm_wr_mp_b_df,mp_nm,所属表被排除: 临时导入表，数据不稳定且字段语义未经业务确认
column,public,stg_sslhhpj_hbsxkqycszhslzhglptjsxm_wr_mp_b_df,mp_addr,所属表被排除: 临时导入表，数据不稳定且字段语义未经业务确认
column,public,stg_sslhhpj_hbsxkqycszhslzhglptjsxm_wr_mp_b_df,mp_item,所属表被排除: 临时导入表，数据不稳定且字段语义未经业务确认
column,public,stg_sslhhpj_hbsxkqycszhslzhglptjsxm_wr_mp_b_df,sour_tp,所属表被排除: 临时导入表，数据不稳定且字段语义未经业务确认
column,public,stg_sslhhpj_hbsxkqycszhslzhglptjsxm_wr_mp_b_df,is_auto,所属表被排除: 临时导入表，数据不稳定且字段语义未经业务确认
column,public,stg_sslhhpj_hbsxkqycszhslzhglptjsxm_wr_mp_b_df,ts,所属表被排除: 临时导入表，数据不稳定且字段语义未经业务确认
column,public,stg_sslhhpj_hbsxkqycszhslzhglptjsxm_wr_mp_b_df,nt,所属表被排除: 临时导入表，数据不稳定且字段语义未经业务确认
column,public,stg_sslhhpj_hbsxkqycszhslzhglptjsxm_wr_mp_b_df,is_argw,所属表被排除: 临时导入表，数据不稳定且字段语义未经业务确认
column,public,stg_sslhhpj_hbsxkqycszhslzhglptjsxm_wr_mp_b_df,is_stat,所属表被排除: 临时导入表，数据不稳定且字段语义未经业务确认
column,public,stg_sslhhpj_hbsxkqycszhslzhglptjsxm_wr_mp_b_df,use_type,所属表被排除: 临时导入表，数据不稳定且字段语义未经业务确认
column,public,stg_sslhhpj_hbsxkqycszhslzhglptjsxm_wr_mp_b_df,mon_g,所属表被排除: 临时导入表，数据不稳定且字段语义未经业务确认
column,public,stg_sslhhpj_hbsxkqycszhslzhglptjsxm_wr_mp_b_df,wi_type,所属表被排除: 临时导入表，数据不稳定且字段语义未经业务确认
column,public,stg_sslhhpj_hbsxkqycszhslzhglptjsxm_wr_mp_b_df,mon_rat,所属表被排除: 临时导入表，数据不稳定且字段语义未经业务确认
column,public,stg_sslhhpj_hbsxkqycszhslzhglptjsxm_wr_mp_b_df,use_dt,所属表被排除: 临时导入表，数据不稳定且字段语义未经业务确认
column,public,stg_sslhhpj_hbsxkqycszhslzhglptjsxm_wr_mp_b_df,day_max,所属表被排除: 临时导入表，数据不稳定且字段语义未经业务确认
column,public,stg_sslhhpj_hbsxkqycszhslzhglptjsxm_wr_mp_b_df,gq_tp,所属表被排除: 临时导入表，数据不稳定且字段语义未经业务确认
column,public,stg_sslhhpj_hbsxkqycszhslzhglptjsxm_wr_mp_b_df,isuse,所属表被排除: 临时导入表，数据不稳定且字段语义未经业务确认
column,public,stg_sslhhpj_hbsxkqycszhslzhglptjsxm_wr_mp_b_df,phase,所属表被排除: 临时导入表，数据不稳定且字段语义未经业务确认
column,public,stg_sslhhpj_hbsxkqycszhslzhglptjsxm_wr_mp_b_df,is_rep_dww,所属表被排除: 临时导入表，数据不稳定且字段语义未经业务确认
column,public,stg_sslhhpj_hbsxkqycszhslzhglptjsxm_wr_mp_b_df,type,所属表被排除: 临时导入表，数据不稳定且字段语义未经业务确认
column,public,stg_sslhhpj_hbsxkqycszhslzhglptjsxm_wr_mp_b_df,lon,所属表被排除: 临时导入表，数据不稳定且字段语义未经业务确认
column,public,stg_sslhhpj_hbsxkqycszhslzhglptjsxm_wr_mp_b_df,lat,所属表被排除: 临时导入表，数据不稳定且字段语义未经业务确认
column,public,stg_sslhhpj_hbsxkqycszhslzhglptjsxm_wr_mp_b_df,dt,所属表被排除: 临时导入表，数据不稳定且字段语义未经业务确认
column,public,stg_ycsjtysj_sxhyzssj_base_channel_df,id,所属表被排除: 临时导入表，数据不稳定且字段语义未经业务确认
column,public,stg_ycsjtysj_sxhyzssj_base_channel_df,channel_name,所属表被排除: 临时导入表，数据不稳定且字段语义未经业务确认
column,public,stg_ycsjtysj_sxhyzssj_base_channel_df,river_name,所属表被排除: 临时导入表，数据不稳定且字段语义未经业务确认
column,public,stg_ycsjtysj_sxhyzssj_base_channel_df,channel_start_point,所属表被排除: 临时导入表，数据不稳定且字段语义未经业务确认
column,public,stg_ycsjtysj_sxhyzssj_base_channel_df,channel_end_point,所属表被排除: 临时导入表，数据不稳定且字段语义未经业务确认
column,public,stg_ycsjtysj_sxhyzssj_base_channel_df,of_branch,所属表被排除: 临时导入表，数据不稳定且字段语义未经业务确认
column,public,stg_ycsjtysj_sxhyzssj_base_channel_df,design_channel_mileage,所属表被排除: 临时导入表，数据不稳定且字段语义未经业务确认
column,public,stg_ycsjtysj_sxhyzssj_base_channel_df,delete_flag,所属表被排除: 临时导入表，数据不稳定且字段语义未经业务确认
column,public,stg_ycsjtysj_sxhyzssj_base_channel_df,dt,所属表被排除: 临时导入表，数据不稳定且字段语义未经业务确认
column,public,stg_ycsjtysj_sxhyzssj_base_channel_level_df,id,所属表被排除: 临时导入表，数据不稳定且字段语义未经业务确认
column,public,stg_ycsjtysj_sxhyzssj_base_channel_level_df,channel_id,所属表被排除: 临时导入表，数据不稳定且字段语义未经业务确认
column,public,stg_ycsjtysj_sxhyzssj_base_channel_level_df,channel_name,所属表被排除: 临时导入表，数据不稳定且字段语义未经业务确认
column,public,stg_ycsjtysj_sxhyzssj_base_channel_level_df,channel_river,所属表被排除: 临时导入表，数据不稳定且字段语义未经业务确认
column,public,stg_ycsjtysj_sxhyzssj_base_channel_level_df,channel_of_branch,所属表被排除: 临时导入表，数据不稳定且字段语义未经业务确认
column,public,stg_ycsjtysj_sxhyzssj_base_channel_level_df,level,所属表被排除: 临时导入表，数据不稳定且字段语义未经业务确认
column,public,stg_ycsjtysj_sxhyzssj_base_channel_level_df,level_num,所属表被排除: 临时导入表，数据不稳定且字段语义未经业务确认
column,public,stg_ycsjtysj_sxhyzssj_base_channel_level_df,mileage,所属表被排除: 临时导入表，数据不稳定且字段语义未经业务确认
column,public,stg_ycsjtysj_sxhyzssj_base_channel_level_df,area,所属表被排除: 临时导入表，数据不稳定且字段语义未经业务确认
column,public,stg_ycsjtysj_sxhyzssj_base_channel_level_df,dt,所属表被排除: 临时导入表，数据不稳定且字段语义未经业务确认
column,public,stg_ycsjtysj_sxhyzssj_base_ship_df,id,所属表被排除: 临时导入表，数据不稳定且字段语义未经业务确认
column,public,stg_ycsjtysj_sxhyzssj_base_ship_df,mmsi,所属表被排除: 临时导入表，数据不稳定且字段语义未经业务确认
column,public,stg_ycsjtysj_sxhyzssj_base_ship_df,custom_ship_type,所属表被排除: 临时导入表，数据不稳定且字段语义未经业务确认
column,public,stg_ycsjtysj_sxhyzssj_base_ship_df,name_en,所属表被排除: 临时导入表，数据不稳定且字段语义未经业务确认
column,public,stg_ycsjtysj_sxhyzssj_base_ship_df,name_cn,所属表被排除: 临时导入表，数据不稳定且字段语义未经业务确认
column,public,stg_ycsjtysj_sxhyzssj_base_ship_df,ship_length,所属表被排除: 临时导入表，数据不稳定且字段语义未经业务确认
column,public,stg_ycsjtysj_sxhyzssj_base_ship_df,ship_width,所属表被排除: 临时导入表，数据不稳定且字段语义未经业务确认
column,public,stg_ycsjtysj_sxhyzssj_base_ship_df,ship_left,所属表被排除: 临时导入表，数据不稳定且字段语义未经业务确认
column,public,stg_ycsjtysj_sxhyzssj_base_ship_df,ship_trail,所属表被排除: 临时导入表，数据不稳定且字段语义未经业务确认
column,public,stg_ycsjtysj_sxhyzssj_base_ship_df,ship_draft,所属表被排除: 临时导入表，数据不稳定且字段语义未经业务确认
column,public,stg_ycsjtysj_sxhyzssj_base_ship_df,guest_amount,所属表被排除: 临时导入表，数据不稳定且字段语义未经业务确认
column,public,stg_ycsjtysj_sxhyzssj_base_ship_df,poll_scope,所属表被排除: 临时导入表，数据不稳定且字段语义未经业务确认
column,public,stg_ycsjtysj_sxhyzssj_base_ship_df,org,所属表被排除: 临时导入表，数据不稳定且字段语义未经业务确认
column,public,stg_ycsjtysj_sxhyzssj_base_ship_df,jxy_receive_ship_id,所属表被排除: 临时导入表，数据不稳定且字段语义未经业务确认
column,public,stg_ycsjtysj_sxhyzssj_base_ship_df,delete_flag,所属表被排除: 临时导入表，数据不稳定且字段语义未经业务确认
column,public,stg_ycsjtysj_sxhyzssj_base_ship_df,create_time,所属表被排除: 临时导入表，数据不稳定且字段语义未经业务确认
column,public,stg_ycsjtysj_sxhyzssj_base_ship_df,update_time,所属表被排除: 临时导入表，数据不稳定且字段语义未经业务确认
column,public,stg_ycsjtysj_sxhyzssj_base_ship_df,dt,所属表被排除: 临时导入表，数据不稳定且字段语义未经业务确认
column,public,stg_ycsjtysj_sxhyzssj_data_coverage_wharf_df,id,所属表被排除: 临时导入表，数据不稳定且字段语义未经业务确认
column,public,stg_ycsjtysj_sxhyzssj_data_coverage_wharf_df,wharf_type,所属表被排除: 临时导入表，数据不稳定且字段语义未经业务确认
column,public,stg_ycsjtysj_sxhyzssj_data_coverage_wharf_df,build_scale,所属表被排除: 临时导入表，数据不稳定且字段语义未经业务确认
column,public,stg_ycsjtysj_sxhyzssj_data_coverage_wharf_df,shoreline_length,所属表被排除: 临时导入表，数据不稳定且字段语义未经业务确认
column,public,stg_ycsjtysj_sxhyzssj_data_coverage_wharf_df,pass_power,所属表被排除: 临时导入表，数据不稳定且字段语义未经业务确认
column,public,stg_ycsjtysj_sxhyzssj_data_coverage_wharf_df,pollutant_scope,所属表被排除: 临时导入表，数据不稳定且字段语义未经业务确认
column,public,stg_ycsjtysj_sxhyzssj_data_coverage_wharf_df,wharf_name,所属表被排除: 临时导入表，数据不稳定且字段语义未经业务确认
column,public,stg_ycsjtysj_sxhyzssj_data_coverage_wharf_df,wharf_full_name,所属表被排除: 临时导入表，数据不稳定且字段语义未经业务确认
column,public,stg_ycsjtysj_sxhyzssj_data_coverage_wharf_df,jxy_wharf_id,所属表被排除: 临时导入表，数据不稳定且字段语义未经业务确认
column,public,stg_ycsjtysj_sxhyzssj_data_coverage_wharf_df,longitude,所属表被排除: 临时导入表，数据不稳定且字段语义未经业务确认
column,public,stg_ycsjtysj_sxhyzssj_data_coverage_wharf_df,latitude,所属表被排除: 临时导入表，数据不稳定且字段语义未经业务确认
column,public,stg_ycsjtysj_sxhyzssj_data_coverage_wharf_df,img_url,所属表被排除: 临时导入表，数据不稳定且字段语义未经业务确认
column,public,stg_ycsjtysj_sxhyzssj_data_coverage_wharf_df,dt,所属表被排除: 临时导入表，数据不稳定且字段语义未经业务确认
column,public,stg_ycsjtysj_sxhyzssj_data_ship_info_df,mmsi,所属表被排除: 临时导入表，数据不稳定且字段语义未经业务确认
column,public,stg_ycsjtysj_sxhyzssj_data_ship_info_df,name,所属表被排除: 临时导入表，数据不稳定且字段语义未经业务确认
column,public,stg_ycsjtysj_sxhyzssj_data_ship_info_df,cnname,所属表被排除: 临时导入表，数据不稳定且字段语义未经业务确认
column,public,stg_ycsjtysj_sxhyzssj_data_ship_info_df,type,所属表被排除: 临时导入表，数据不稳定且字段语义未经业务确认
column,public,stg_ycsjtysj_sxhyzssj_data_ship_info_df,jxy_receive_ship_id,所属表被排除: 临时导入表，数据不稳定且字段语义未经业务确认
column,public,stg_ycsjtysj_sxhyzssj_data_ship_info_df,draught,所属表被排除: 临时导入表，数据不稳定且字段语义未经业务确认
column,public,stg_ycsjtysj_sxhyzssj_data_ship_info_df,length,所属表被排除: 临时导入表，数据不稳定且字段语义未经业务确认
column,public,stg_ycsjtysj_sxhyzssj_data_ship_info_df,width,所属表被排除: 临时导入表，数据不稳定且字段语义未经业务确认
column,public,stg_ycsjtysj_sxhyzssj_data_ship_info_df,type_other,所属表被排除: 临时导入表，数据不稳定且字段语义未经业务确认
column,public,stg_ycsjtysj_sxhyzssj_data_ship_info_df,seat,所属表被排除: 临时导入表，数据不稳定且字段语义未经业务确认
column,public,stg_ycsjtysj_sxhyzssj_data_ship_info_df,dt,所属表被排除: 临时导入表，数据不稳定且字段语义未经业务确认
column,public,stg_ycssthjj_ltwsjgpt_t_sjzx_wry_jbxx_df,xh,所属表被排除: 临时导入表，数据不稳定且字段语义未经业务确认
column,public,stg_ycssthjj_ltwsjgpt_t_sjzx_wry_jbxx_df,entercode,所属表被排除: 临时导入表，数据不稳定且字段语义未经业务确认
column,public,stg_ycssthjj_ltwsjgpt_t_sjzx_wry_jbxx_df,entername,所属表被排除: 临时导入表，数据不稳定且字段语义未经业务确认
column,public,stg_ycssthjj_ltwsjgpt_t_sjzx_wry_jbxx_df,companyname,所属表被排除: 临时导入表，数据不稳定且字段语义未经业务确认
column,public,stg_ycssthjj_ltwsjgpt_t_sjzx_wry_jbxx_df,tyshxydm,所属表被排除: 临时导入表，数据不稳定且字段语义未经业务确认
column,public,stg_ycssthjj_ltwsjgpt_t_sjzx_wry_jbxx_df,corpcode,所属表被排除: 临时导入表，数据不稳定且字段语义未经业务确认
column,public,stg_ycssthjj_ltwsjgpt_t_sjzx_wry_jbxx_df,registrationid,所属表被排除: 临时导入表，数据不稳定且字段语义未经业务确认
column,public,stg_ycssthjj_ltwsjgpt_t_sjzx_wry_jbxx_df,licensenum,所属表被排除: 临时导入表，数据不稳定且字段语义未经业务确认
column,public,stg_ycssthjj_ltwsjgpt_t_sjzx_wry_jbxx_df,code_region,所属表被排除: 临时导入表，数据不稳定且字段语义未经业务确认
column,public,stg_ycssthjj_ltwsjgpt_t_sjzx_wry_jbxx_df,regionname,所属表被排除: 临时导入表，数据不稳定且字段语义未经业务确认
column,public,stg_ycssthjj_ltwsjgpt_t_sjzx_wry_jbxx_df,sssf,所属表被排除: 临时导入表，数据不稳定且字段语义未经业务确认
column,public,stg_ycssthjj_ltwsjgpt_t_sjzx_wry_jbxx_df,ssds,所属表被排除: 临时导入表，数据不稳定且字段语义未经业务确认
column,public,stg_ycssthjj_ltwsjgpt_t_sjzx_wry_jbxx_df,ssqx,所属表被排除: 临时导入表，数据不稳定且字段语义未经业务确认
column,public,stg_ycssthjj_ltwsjgpt_t_sjzx_wry_jbxx_df,code_trade,所属表被排除: 临时导入表，数据不稳定且字段语义未经业务确认
column,public,stg_ycssthjj_ltwsjgpt_t_sjzx_wry_jbxx_df,tradename,所属表被排除: 临时导入表，数据不稳定且字段语义未经业务确认
column,public,stg_ycssthjj_ltwsjgpt_t_sjzx_wry_jbxx_df,enteraddress,所属表被排除: 临时导入表，数据不稳定且字段语义未经业务确认
column,public,stg_ycssthjj_ltwsjgpt_t_sjzx_wry_jbxx_df,longitude,所属表被排除: 临时导入表，数据不稳定且字段语义未经业务确认
column,public,stg_ycssthjj_ltwsjgpt_t_sjzx_wry_jbxx_df,latitude,所属表被排除: 临时导入表，数据不稳定且字段语义未经业务确认
column,public,stg_ycssthjj_ltwsjgpt_t_sjzx_wry_jbxx_df,lydm,所属表被排除: 临时导入表，数据不稳定且字段语义未经业务确认
column,public,stg_ycssthjj_ltwsjgpt_t_sjzx_wry_jbxx_df,lymc,所属表被排除: 临时导入表，数据不稳定且字段语义未经业务确认
column,public,stg_ycssthjj_ltwsjgpt_t_sjzx_wry_jbxx_df,szgyyq,所属表被排除: 临时导入表，数据不稳定且字段语义未经业务确认
column,public,stg_ycssthjj_ltwsjgpt_t_sjzx_wry_jbxx_df,snstdm,所属表被排除: 临时导入表，数据不稳定且字段语义未经业务确认
column,public,stg_ycssthjj_ltwsjgpt_t_sjzx_wry_jbxx_df,snstmc,所属表被排除: 临时导入表，数据不稳定且字段语义未经业务确认
column,public,stg_ycssthjj_ltwsjgpt_t_sjzx_wry_jbxx_df,status,所属表被排除: 临时导入表，数据不稳定且字段语义未经业务确认
column,public,stg_ycssthjj_ltwsjgpt_t_sjzx_wry_jbxx_df,regaddress,所属表被排除: 临时导入表，数据不稳定且字段语义未经业务确认
column,public,stg_ycssthjj_ltwsjgpt_t_sjzx_wry_jbxx_df,corpname,所属表被排除: 临时导入表，数据不稳定且字段语义未经业务确认
column,public,stg_ycssthjj_ltwsjgpt_t_sjzx_wry_jbxx_df,telephone,所属表被排除: 临时导入表，数据不稳定且字段语义未经业务确认
column,public,stg_ycssthjj_ltwsjgpt_t_sjzx_wry_jbxx_df,environlinkmen,所属表被排除: 临时导入表，数据不稳定且字段语义未经业务确认
column,public,stg_ycssthjj_ltwsjgpt_t_sjzx_wry_jbxx_df,environtel,所属表被排除: 临时导入表，数据不稳定且字段语义未经业务确认
column,public,stg_ycssthjj_ltwsjgpt_t_sjzx_wry_jbxx_df,entersize,所属表被排除: 临时导入表，数据不稳定且字段语义未经业务确认
column,public,stg_ycssthjj_ltwsjgpt_t_sjzx_wry_jbxx_df,jyfw,所属表被排除: 临时导入表，数据不稳定且字段语义未经业务确认
column,public,stg_ycssthjj_ltwsjgpt_t_sjzx_wry_jbxx_df,createtime,所属表被排除: 临时导入表，数据不稳定且字段语义未经业务确认
column,public,stg_ycssthjj_ltwsjgpt_t_sjzx_wry_jbxx_df,fax,所属表被排除: 临时导入表，数据不稳定且字段语义未经业务确认
column,public,stg_ycssthjj_ltwsjgpt_t_sjzx_wry_jbxx_df,website,所属表被排除: 临时导入表，数据不稳定且字段语义未经业务确认
column,public,stg_ycssthjj_ltwsjgpt_t_sjzx_wry_jbxx_df,email,所属表被排除: 临时导入表，数据不稳定且字段语义未经业务确认
column,public,stg_ycssthjj_ltwsjgpt_t_sjzx_wry_jbxx_df,description,所属表被排除: 临时导入表，数据不稳定且字段语义未经业务确认
column,public,stg_ycssthjj_ltwsjgpt_t_sjzx_wry_jbxx_df,datasource,所属表被排除: 临时导入表，数据不稳定且字段语义未经业务确认
column,public,stg_ycssthjj_ltwsjgpt_t_sjzx_wry_jbxx_df,orgid,所属表被排除: 临时导入表，数据不稳定且字段语义未经业务确认
column,public,stg_ycssthjj_ltwsjgpt_t_sjzx_wry_jbxx_df,cjr,所属表被排除: 临时导入表，数据不稳定且字段语义未经业务确认
column,public,stg_ycssthjj_ltwsjgpt_t_sjzx_wry_jbxx_df,cjsj,所属表被排除: 临时导入表，数据不稳定且字段语义未经业务确认
column,public,stg_ycssthjj_ltwsjgpt_t_sjzx_wry_jbxx_df,xgr,所属表被排除: 临时导入表，数据不稳定且字段语义未经业务确认
column,public,stg_ycssthjj_ltwsjgpt_t_sjzx_wry_jbxx_df,xgsj,所属表被排除: 临时导入表，数据不稳定且字段语义未经业务确认
column,public,stg_ycssthjj_ltwsjgpt_t_sjzx_wry_jbxx_df,sjly,所属表被排除: 临时导入表，数据不稳定且字段语义未经业务确认
column,public,stg_ycssthjj_ltwsjgpt_t_sjzx_wry_jbxx_df,rksj,所属表被排除: 临时导入表，数据不稳定且字段语义未经业务确认
column,public,stg_ycssthjj_ltwsjgpt_t_sjzx_wry_jbxx_df,gxsj,所属表被排除: 临时导入表，数据不稳定且字段语义未经业务确认
column,public,stg_ycssthjj_ltwsjgpt_t_sjzx_wry_jbxx_df,czbj,所属表被排除: 临时导入表，数据不稳定且字段语义未经业务确认
column,public,stg_ycssthjj_ltwsjgpt_t_sjzx_wry_jbxx_df,dt,所属表被排除: 临时导入表，数据不稳定且字段语义未经业务确认
column,public,stg_ycssthjj_lysthjjkyjpt_t_sjzx_szzdjcz_df,ywid,所属表被排除: 临时导入表，数据不稳定且字段语义未经业务确认
column,public,stg_ycssthjj_lysthjjkyjpt_t_sjzx_szzdjcz_df,ywmc,所属表被排除: 临时导入表，数据不稳定且字段语义未经业务确认
column,public,stg_ycssthjj_lysthjjkyjpt_t_sjzx_szzdjcz_df,qxbm,所属表被排除: 临时导入表，数据不稳定且字段语义未经业务确认
column,public,stg_ycssthjj_lysthjjkyjpt_t_sjzx_szzdjcz_df,ssqx,所属表被排除: 临时导入表，数据不稳定且字段语义未经业务确认
column,public,stg_ycssthjj_lysthjjkyjpt_t_sjzx_szzdjcz_df,flbm,所属表被排除: 临时导入表，数据不稳定且字段语义未经业务确认
column,public,stg_ycssthjj_lysthjjkyjpt_t_sjzx_szzdjcz_df,flmc,所属表被排除: 临时导入表，数据不稳定且字段语义未经业务确认
column,public,stg_ycssthjj_lysthjjkyjpt_t_sjzx_szzdjcz_df,21bsm,所属表被排除: 临时导入表，数据不稳定且字段语义未经业务确认
column,public,stg_ycssthjj_lysthjjkyjpt_t_sjzx_szzdjcz_df,zcbm,所属表被排除: 临时导入表，数据不稳定且字段语义未经业务确认
column,public,stg_ycssthjj_lysthjjkyjpt_t_sjzx_szzdjcz_df,dm,所属表被排除: 临时导入表，数据不稳定且字段语义未经业务确认
column,public,stg_ycssthjj_lysthjjkyjpt_t_sjzx_szzdjcz_df,bdm,所属表被排除: 临时导入表，数据不稳定且字段语义未经业务确认
column,public,stg_ycssthjj_lysthjjkyjpt_t_sjzx_szzdjcz_df,19bsm,所属表被排除: 临时导入表，数据不稳定且字段语义未经业务确认
column,public,stg_ycssthjj_lysthjjkyjpt_t_sjzx_szzdjcz_df,dt,所属表被排除: 临时导入表，数据不稳定且字段语义未经业务确认
column,public,stg_ycssthjj_wryzxjkpt_t_zxjc_s_w_1_df,xh,所属表被排除: 临时导入表，数据不稳定且字段语义未经业务确认
column,public,stg_ycssthjj_wryzxjkpt_t_zxjc_s_w_1_df,jcdxh,所属表被排除: 临时导入表，数据不稳定且字段语义未经业务确认
column,public,stg_ycssthjj_wryzxjkpt_t_zxjc_s_w_1_df,jcsj,所属表被排除: 临时导入表，数据不稳定且字段语义未经业务确认
column,public,stg_ycssthjj_wryzxjkpt_t_zxjc_s_w_1_df,wrwbh,所属表被排除: 临时导入表，数据不稳定且字段语义未经业务确认
column,public,stg_ycssthjj_wryzxjkpt_t_zxjc_s_w_1_df,zxjcz,所属表被排除: 临时导入表，数据不稳定且字段语义未经业务确认
column,public,stg_ycssthjj_wryzxjkpt_t_zxjc_s_w_1_df,pjjcz,所属表被排除: 临时导入表，数据不稳定且字段语义未经业务确认
column,public,stg_ycssthjj_wryzxjkpt_t_zxjc_s_w_1_df,zdjcz,所属表被排除: 临时导入表，数据不稳定且字段语义未经业务确认
column,public,stg_ycssthjj_wryzxjkpt_t_zxjc_s_w_1_df,xyz,所属表被排除: 临时导入表，数据不稳定且字段语义未经业务确认
column,public,stg_ycssthjj_wryzxjkpt_t_zxjc_s_w_1_df,zxzsz,所属表被排除: 临时导入表，数据不稳定且字段语义未经业务确认
column,public,stg_ycssthjj_wryzxjkpt_t_zxjc_s_w_1_df,pjzsz,所属表被排除: 临时导入表，数据不稳定且字段语义未经业务确认
column,public,stg_ycssthjj_wryzxjkpt_t_zxjc_s_w_1_df,zdzsz,所属表被排除: 临时导入表，数据不稳定且字段语义未经业务确认
column,public,stg_ycssthjj_wryzxjkpt_t_zxjc_s_w_1_df,xyzsz,所属表被排除: 临时导入表，数据不稳定且字段语义未经业务确认
column,public,stg_ycssthjj_wryzxjkpt_t_zxjc_s_w_1_df,wrwpfl,所属表被排除: 临时导入表，数据不稳定且字段语义未经业务确认
column,public,stg_ycssthjj_wryzxjkpt_t_zxjc_s_w_1_df,xywrwpfl,所属表被排除: 临时导入表，数据不稳定且字段语义未经业务确认
column,public,stg_ycssthjj_wryzxjkpt_t_zxjc_s_w_1_df,sjly,所属表被排除: 临时导入表，数据不稳定且字段语义未经业务确认
column,public,stg_ycssthjj_wryzxjkpt_t_zxjc_s_w_1_df,sjzt,所属表被排除: 临时导入表，数据不稳定且字段语义未经业务确认
column,public,stg_ycssthjj_wryzxjkpt_t_zxjc_s_w_1_df,zt,所属表被排除: 临时导入表，数据不稳定且字段语义未经业务确认
column,public,stg_ycssthjj_wryzxjkpt_t_zxjc_s_w_1_df,orgid,所属表被排除: 临时导入表，数据不稳定且字段语义未经业务确认
column,public,stg_ycssthjj_wryzxjkpt_t_zxjc_s_w_1_df,cjr,所属表被排除: 临时导入表，数据不稳定且字段语义未经业务确认
column,public,stg_ycssthjj_wryzxjkpt_t_zxjc_s_w_1_df,cjsj,所属表被排除: 临时导入表，数据不稳定且字段语义未经业务确认
column,public,stg_ycssthjj_wryzxjkpt_t_zxjc_s_w_1_df,xgr,所属表被排除: 临时导入表，数据不稳定且字段语义未经业务确认
column,public,stg_ycssthjj_wryzxjkpt_t_zxjc_s_w_1_df,xgsj,所属表被排除: 临时导入表，数据不稳定且字段语义未经业务确认
column,public,stg_ycssthjj_wryzxjkpt_t_zxjc_s_w_1_df,dt,所属表被排除: 临时导入表，数据不稳定且字段语义未经业务确认
column,public,wm_raster_inversion_config,boundaries_json,字段无注释
column,public,wm_raster_inversion_config,labels_json,字段无注释
column,public,wm_raster_inversion_config,colors_json,字段无注释
column,public,wm_water_source_bak0421,id,所属表被排除: 备份表，与主表重复，训练价值低
column,public,wm_water_source_bak0421,code,所属表被排除: 备份表，与主表重复，训练价值低
column,public,wm_water_source_bak0421,name,所属表被排除: 备份表，与主表重复，训练价值低
column,public,wm_water_source_bak0421,alias,所属表被排除: 备份表，与主表重复，训练价值低
column,public,wm_water_source_bak0421,area_code,所属表被排除: 备份表，与主表重复，训练价值低
column,public,wm_water_source_bak0421,address,所属表被排除: 备份表，与主表重复，训练价值低
column,public,wm_water_source_bak0421,river_system_code,所属表被排除: 备份表，与主表重复，训练价值低
column,public,wm_water_source_bak0421,river_system_name,所属表被排除: 备份表，与主表重复，训练价值低
column,public,wm_water_source_bak0421,source_type,所属表被排除: 备份表，与主表重复，训练价值低
column,public,wm_water_source_bak0421,supply_type,所属表被排除: 备份表，与主表重复，训练价值低
column,public,wm_water_source_bak0421,supply_service,所属表被排除: 备份表，与主表重复，训练价值低
column,public,wm_water_source_bak0421,source_state,所属表被排除: 备份表，与主表重复，训练价值低
column,public,wm_water_source_bak0421,service_people_count,所属表被排除: 备份表，与主表重复，训练价值低
column,public,wm_water_source_bak0421,supply_water_daily,所属表被排除: 备份表，与主表重复，训练价值低
column,public,wm_water_source_bak0421,supply_water_year,所属表被排除: 备份表，与主表重复，训练价值低
column,public,wm_water_source_bak0421,supply_water_avg,所属表被排除: 备份表，与主表重复，训练价值低
column,public,wm_water_source_bak0421,check_result,所属表被排除: 备份表，与主表重复，训练价值低
column,public,wm_water_source_bak0421,has_monitor,所属表被排除: 备份表，与主表重复，训练价值低
column,public,wm_water_source_bak0421,monitor_count,所属表被排除: 备份表，与主表重复，训练价值低
column,public,wm_water_source_bak0421,monitor_result,所属表被排除: 备份表，与主表重复，训练价值低
column,public,wm_water_source_bak0421,traffic_pass_info,所属表被排除: 备份表，与主表重复，训练价值低
column,public,wm_water_source_bak0421,has_take_cert,所属表被排除: 备份表，与主表重复，训练价值低
column,public,wm_water_source_bak0421,take_cert_code,所属表被排除: 备份表，与主表重复，训练价值低
column,public,wm_water_source_bak0421,has_health_cert,所属表被排除: 备份表，与主表重复，训练价值低
column,public,wm_water_source_bak0421,health_cert_code,所属表被排除: 备份表，与主表重复，训练价值低
column,public,wm_water_source_bak0421,process_technology,所属表被排除: 备份表，与主表重复，训练价值低
column,public,wm_water_source_bak0421,protect_area_level1,所属表被排除: 备份表，与主表重复，训练价值低
column,public,wm_water_source_bak0421,protect_area_level2,所属表被排除: 备份表，与主表重复，训练价值低
column,public,wm_water_source_bak0421,approve_area,所属表被排除: 备份表，与主表重复，训练价值低
column,public,wm_water_source_bak0421,lon,所属表被排除: 备份表，与主表重复，训练价值低
column,public,wm_water_source_bak0421,lat,所属表被排除: 备份表，与主表重复，训练价值低
column,public,wm_water_source_bak0421,image_path,所属表被排除: 备份表，与主表重复，训练价值低
column,public,wm_water_source_bak0421,remark,所属表被排除: 备份表，与主表重复，训练价值低
column,public,wm_water_source_bak0421,protect_area_status,所属表被排除: 备份表，与主表重复，训练价值低
column,public,wm_water_source_bak0421,protect_area_cert,所属表被排除: 备份表，与主表重复，训练价值低
column,public,wm_water_source_bak0421,protect_area_define,所属表被排除: 备份表，与主表重复，训练价值低
column,public,wm_water_source_bak0421,polluter_level1,所属表被排除: 备份表，与主表重复，训练价值低
column,public,wm_water_source_bak0421,polluter_level2,所属表被排除: 备份表，与主表重复，训练价值低
column,public,wm_water_source_bak0421,traffice_pass_enviroment,所属表被排除: 备份表，与主表重复，训练价值低
column,public,wm_water_source_bak0421,traffice_pass_finish,所属表被排除: 备份表，与主表重复，训练价值低
column,public,wm_water_source_bak0421,traffice_pass_handle,所属表被排除: 备份表，与主表重复，训练价值低
column,public,wm_water_source_bak0421,protect_flag_define,所属表被排除: 备份表，与主表重复，训练价值低
column,public,wm_water_source_bak0421,protect_flag_finish,所属表被排除: 备份表，与主表重复，训练价值低
column,public,wm_water_source_bak0421,protect_flag_hanle,所属表被排除: 备份表，与主表重复，训练价值低
column,public,wm_water_source_bak0421,protect_flag_problem,所属表被排除: 备份表，与主表重复，训练价值低
column,public,wm_water_source_bak0421,geom1,所属表被排除: 备份表，与主表重复，训练价值低
column,public,wm_water_source_bak0421,geom2,所属表被排除: 备份表，与主表重复，训练价值低
column,public,wm_water_source_bak0421,level,所属表被排除: 备份表，与主表重复，训练价值低
column,public,wm_water_source_bak0421,river_system_name_3,所属表被排除: 备份表，与主表重复，训练价值低
column,public,wm_water_source_bak0421,water_word_info,所属表被排除: 备份表，与主表重复，训练价值低
column,public,wm_water_source_bak0421,dbsqssw,所属表被排除: 备份表，与主表重复，训练价值低
column,public,wm_water_source_bak0421,dbssjksw,所属表被排除: 备份表，与主表重复，训练价值低
column,public,wm_water_source_bak0421,dxsmctj,所属表被排除: 备份表，与主表重复，训练价值低
column,public,wm_water_source_bak0421,dxshsjzlx,所属表被排除: 备份表，与主表重复，训练价值低
column,public,wm_water_source_bak0421,dxssjjs,所属表被排除: 备份表，与主表重复，训练价值低
column,public,wm_water_source_bak0421,dxsswms,所属表被排除: 备份表，与主表重复，训练价值低
column,public,wm_water_source_bak0421,ccsy,所属表被排除: 备份表，与主表重复，训练价值低
column,public,wm_water_source_bak0421,cjjjdkhzb,所属表被排除: 备份表，与主表重复，训练价值低
column,public,wm_water_source_bak0421,river_system_name_2,所属表被排除: 备份表，与主表重复，训练价值低
column,public,wm_water_source_bak0421,build_year,所属表被排除: 备份表，与主表重复，训练价值低
column,public,wm_water_source_bak0421,used_year,所属表被排除: 备份表，与主表重复，训练价值低
column,public,wm_waterbody_info,country,字段无注释
column,public,wm_waterquality_day_records,record_type,字段无注释
column,public,wst_layer_river,metadata_json,字段无注释
