schema_name,table_name,column_name,data_type,current_comment,candidate_comment,confidence,grade,evidence,source_rule,sample_hint,risk_reason
public,_stg_yichang_river_import,gid,integer,,地理要素唯一标识,high,A_auto_safe,表域: staging; 来源: standard_id_field,standard_id_field,,
public,_stg_yichang_river_import,OBJECTID,"numeric(18,0)",,对象唯一标识,high,A_auto_safe,表域: staging; 来源: standard_id_field,standard_id_field,,
public,_stg_yichang_river_import,geom,"geometry(MultiLineString,4326)",,空间几何数据,high,A_auto_safe,表域: staging; 来源: standard_geom_field,standard_geom_field,,
public,_stg_yichang_river_std,gid,integer,,地理要素唯一标识,high,A_auto_safe,表域: staging; 来源: standard_id_field,standard_id_field,,
public,_stg_yichang_river_std,river_code,text,,河流编码,high,A_auto_safe,表域: staging; 来源: domain_staging_river_std,domain_staging_river_std,,
public,_stg_yichang_river_std,river_name,text,,河流名称,high,A_auto_safe,表域: staging; 来源: domain_staging_river_std,domain_staging_river_std,,
public,_stg_yichang_river_std,geom,"geometry(MultiLineString,4326)",,空间几何数据,high,A_auto_safe,表域: staging; 来源: standard_geom_field,standard_geom_field,,
public,ad_dict,create_time,timestamp without time zone,,创建时间,high,A_auto_safe,表域: admin_dict; 来源: standard_audit_field,standard_audit_field,,
public,ad_dict,update_time,timestamp without time zone,,修改时间,high,A_auto_safe,表域: admin_dict; 来源: standard_audit_field,standard_audit_field,,
public,ad_dict,del_flag,character(1),,删除标志：0-正常，1-已删除,high,A_auto_safe,表域: admin_dict; 来源: standard_audit_field,standard_audit_field,,
public,ad_dict,create_by,bigint,,创建人,high,A_auto_safe,表域: admin_dict; 来源: standard_audit_field,standard_audit_field,,
public,ad_dict,update_by,bigint,,修改人,high,A_auto_safe,表域: admin_dict; 来源: standard_audit_field,standard_audit_field,,
public,gis_ecologicalregion,id,bigint,,主键ID,high,A_auto_safe,表域: gis; 来源: standard_id_field,standard_id_field,,
public,gis_ecologicalregion,ecological_region_name,character varying(255),,生态红线区域名称,high,A_auto_safe,表域: gis; 来源: domain_gis_ecologicalregion,domain_gis_ecologicalregion,,
public,gis_ecologicalregion,ecological_region_code,character varying(32),,生态红线区域编码,high,A_auto_safe,表域: gis; 来源: domain_gis_ecologicalregion,domain_gis_ecologicalregion,,
public,gis_ecologicalregion,address,character varying(255),,地址,high,A_auto_safe,表域: gis; 来源: standard_common_field,standard_common_field,,
public,gis_ecologicalregion,geom,"geometry(Geometry,4326)",,空间几何数据,high,A_auto_safe,表域: gis; 来源: standard_geom_field,standard_geom_field,,
public,gis_ecologicalregion,population,bigint,,人口数量,high,A_auto_safe,表域: gis; 来源: standard_common_field,standard_common_field,,
public,gis_ecologicalregion,type,character(1),,类型,high,A_auto_safe,表域: gis; 来源: standard_common_field,standard_common_field,,
public,gis_ecologicalregion,remark,character varying(255),,备注,high,A_auto_safe,表域: gis; 来源: standard_common_field,standard_common_field,,
public,gis_ecologicalregion,create_by,bigint,,创建人,high,A_auto_safe,表域: gis; 来源: standard_audit_field,standard_audit_field,,
public,gis_ecologicalregion,create_time,timestamp without time zone,,创建时间,high,A_auto_safe,表域: gis; 来源: standard_audit_field,standard_audit_field,,
public,gis_ecologicalregion,update_by,bigint,,修改人,high,A_auto_safe,表域: gis; 来源: standard_audit_field,standard_audit_field,,
public,gis_ecologicalregion,update_time,timestamp without time zone,,修改时间,high,A_auto_safe,表域: gis; 来源: standard_audit_field,standard_audit_field,,
public,gis_ecologicalregion,del_flag,character(1),,删除标志：0-正常，1-已删除,high,A_auto_safe,表域: gis; 来源: standard_audit_field,standard_audit_field,,
public,gis_headwaters,id,bigint,,主键ID,high,A_auto_safe,表域: gis; 来源: standard_id_field,standard_id_field,,
public,gis_headwaters,headwaters_name,character varying(255),,水源地名称,high,A_auto_safe,表域: gis; 来源: domain_gis_headwaters,domain_gis_headwaters,,
public,gis_headwaters,headwaters_code,character varying(32),,水源地编码,high,A_auto_safe,表域: gis; 来源: domain_gis_headwaters,domain_gis_headwaters,,
public,gis_headwaters,address,character varying(255),,地址,high,A_auto_safe,表域: gis; 来源: standard_common_field,standard_common_field,,
public,gis_headwaters,geom,"geometry(Geometry,4326)",,空间几何数据,high,A_auto_safe,表域: gis; 来源: standard_geom_field,standard_geom_field,,
public,gis_headwaters,level,character varying(8),,级别,high,A_auto_safe,表域: gis; 来源: standard_common_field,standard_common_field,,
public,gis_headwaters,type,character(1),,类型,high,A_auto_safe,表域: gis; 来源: standard_common_field,standard_common_field,,
public,gis_headwaters,remark,character varying(255),,备注,high,A_auto_safe,表域: gis; 来源: standard_common_field,standard_common_field,,
public,gis_headwaters,create_by,bigint,,创建人,high,A_auto_safe,表域: gis; 来源: standard_audit_field,standard_audit_field,,
public,gis_headwaters,create_time,timestamp without time zone,,创建时间,high,A_auto_safe,表域: gis; 来源: standard_audit_field,standard_audit_field,,
public,gis_headwaters,update_by,bigint,,修改人,high,A_auto_safe,表域: gis; 来源: standard_audit_field,standard_audit_field,,
public,gis_headwaters,update_time,timestamp without time zone,,修改时间,high,A_auto_safe,表域: gis; 来源: standard_audit_field,standard_audit_field,,
public,gis_headwaters,del_flag,character(1),,删除标志：0-正常，1-已删除,high,A_auto_safe,表域: gis; 来源: standard_audit_field,standard_audit_field,,
public,gis_naturereserve,id,bigint,,主键ID,high,A_auto_safe,表域: gis; 来源: standard_id_field,standard_id_field,,
public,gis_naturereserve,nature_reserve_name,character varying(255),,自然保护区名称,high,A_auto_safe,表域: gis; 来源: domain_gis_naturereserve,domain_gis_naturereserve,,
public,gis_naturereserve,nature_reserve_code,character varying(32),,自然保护区编码,high,A_auto_safe,表域: gis; 来源: domain_gis_naturereserve,domain_gis_naturereserve,,
public,gis_naturereserve,address,character varying(255),,地址,high,A_auto_safe,表域: gis; 来源: standard_common_field,standard_common_field,,
public,gis_naturereserve,geom,"geometry(Geometry,4326)",,空间几何数据,high,A_auto_safe,表域: gis; 来源: standard_geom_field,standard_geom_field,,
public,gis_naturereserve,type,character(1),,类型,high,A_auto_safe,表域: gis; 来源: standard_common_field,standard_common_field,,
public,gis_naturereserve,level,character varying(8),,级别,high,A_auto_safe,表域: gis; 来源: standard_common_field,standard_common_field,,
public,gis_naturereserve,population,bigint,,人口数量,high,A_auto_safe,表域: gis; 来源: standard_common_field,standard_common_field,,
public,gis_naturereserve,create_by,bigint,,创建人,high,A_auto_safe,表域: gis; 来源: standard_audit_field,standard_audit_field,,
public,gis_naturereserve,create_time,timestamp without time zone,,创建时间,high,A_auto_safe,表域: gis; 来源: standard_audit_field,standard_audit_field,,
public,gis_naturereserve,update_by,bigint,,修改人,high,A_auto_safe,表域: gis; 来源: standard_audit_field,standard_audit_field,,
public,gis_naturereserve,update_time,timestamp without time zone,,修改时间,high,A_auto_safe,表域: gis; 来源: standard_audit_field,standard_audit_field,,
public,gis_naturereserve,del_flag,character(1),,删除标志：0-正常，1-已删除,high,A_auto_safe,表域: gis; 来源: standard_audit_field,standard_audit_field,,
public,gis_poi,create_time,timestamp without time zone,,创建时间,high,A_auto_safe,表域: gis; 来源: standard_audit_field,standard_audit_field,,
public,gis_poi,update_time,timestamp without time zone,,修改时间,high,A_auto_safe,表域: gis; 来源: standard_audit_field,standard_audit_field,,
public,gis_poi,del_flag,character(1),,删除标志：0-正常，1-已删除,high,A_auto_safe,表域: gis; 来源: standard_audit_field,standard_audit_field,,
public,gis_poi,create_by,bigint,,创建人,high,A_auto_safe,表域: gis; 来源: standard_audit_field,standard_audit_field,,
public,gis_poi,update_by,bigint,,修改人,high,A_auto_safe,表域: gis; 来源: standard_audit_field,standard_audit_field,,
public,gis_region,region_code,character varying(32),,行政区划编码,high,A_auto_safe,表域: gis; 来源: domain_gis_region,domain_gis_region,,
public,gis_region,region_name,character varying(100),,行政区划名称,high,A_auto_safe,表域: gis; 来源: domain_gis_region,domain_gis_region,,
public,gis_region,control_unit_id,bigint,,管控单元ID,high,A_auto_safe,表域: gis; 来源: standard_id_field,standard_id_field,,
public,gis_region,code,character varying(32),,编码,high,A_auto_safe,表域: gis; 来源: standard_common_field,standard_common_field,,
public,gis_region,address,character varying(255),,地址,high,A_auto_safe,表域: gis; 来源: standard_common_field,standard_common_field,,
public,gis_region,remark,character varying(255),,备注,high,A_auto_safe,表域: gis; 来源: standard_common_field,standard_common_field,,
public,gis_region_city,id,integer,,主键ID,high,A_auto_safe,表域: gis; 来源: standard_id_field,standard_id_field,,
public,gis_region_city,geom,"geometry(MultiPolygon,4326)",,空间几何数据,high,A_auto_safe,表域: gis; 来源: standard_geom_field,standard_geom_field,,
public,gis_region_county,id,integer,,主键ID,high,A_auto_safe,表域: gis; 来源: standard_id_field,standard_id_field,,
public,gis_region_county,geom,"geometry(MultiPolygon,4326)",,空间几何数据,high,A_auto_safe,表域: gis; 来源: standard_geom_field,standard_geom_field,,
public,gis_region_population,id,bigint,,主键ID,high,A_auto_safe,表域: gis; 来源: standard_id_field,standard_id_field,,
public,gis_region_population,region_id,bigint,,区域ID,high,A_auto_safe,表域: gis; 来源: standard_id_field,standard_id_field,,
public,gis_region_population,year,bigint,,年份,high,A_auto_safe,表域: gis; 来源: standard_common_field,standard_common_field,,
public,gis_region_population,create_by,bigint,,创建人,high,A_auto_safe,表域: gis; 来源: standard_audit_field,standard_audit_field,,
public,gis_region_population,create_time,timestamp without time zone,,创建时间,high,A_auto_safe,表域: gis; 来源: standard_audit_field,standard_audit_field,,
public,gis_region_population,update_by,bigint,,修改人,high,A_auto_safe,表域: gis; 来源: standard_audit_field,standard_audit_field,,
public,gis_region_population,update_time,timestamp without time zone,,修改时间,high,A_auto_safe,表域: gis; 来源: standard_audit_field,standard_audit_field,,
public,gis_region_population,del_flag,character(1),,删除标志：0-正常，1-已删除,high,A_auto_safe,表域: gis; 来源: standard_audit_field,standard_audit_field,,
public,gis_region_township,id,integer,,主键ID,high,A_auto_safe,表域: gis; 来源: standard_id_field,standard_id_field,,
public,gis_region_township,geom,"geometry(MultiPolygon,4326)",,空间几何数据,high,A_auto_safe,表域: gis; 来源: standard_geom_field,standard_geom_field,,
public,gis_watershed_partition,id,bigint,,主键ID,high,A_auto_safe,表域: gis; 来源: standard_id_field,standard_id_field,,
public,gis_watershed_partition_3,id,integer,,主键ID,high,A_auto_safe,表域: gis; 来源: standard_id_field,standard_id_field,,
public,gis_watershed_partition_3,geom,"geometry(MultiPolygon,4326)",,空间几何数据,high,A_auto_safe,表域: gis; 来源: standard_geom_field,standard_geom_field,,
public,gis_watershed_partition_4,id,integer,,主键ID,high,A_auto_safe,表域: gis; 来源: standard_id_field,standard_id_field,,
public,gis_watershed_partition_4,geom,"geometry(MultiPolygon,4326)",,空间几何数据,high,A_auto_safe,表域: gis; 来源: standard_geom_field,standard_geom_field,,
public,layer_boundary_enterprise,id,integer,,主键ID,high,A_auto_safe,表域: layer; 来源: standard_id_field,standard_id_field,,
public,layer_boundary_enterprise,name,character varying,,名称,high,A_auto_safe,表域: layer; 来源: standard_common_field,standard_common_field,,
public,layer_boundary_enterprise,code,character varying,,编码,high,A_auto_safe,表域: layer; 来源: standard_common_field,standard_common_field,,
public,layer_boundary_enterprise,geom,"geometry(MultiLineString,4326)",,空间几何数据,high,A_auto_safe,表域: layer; 来源: standard_geom_field,standard_geom_field,,
public,layer_boundary_park,id,integer,,主键ID,high,A_auto_safe,表域: layer; 来源: standard_id_field,standard_id_field,,
public,layer_boundary_park,geom,"geometry(MultiPolygon,4326)",,空间几何数据,high,A_auto_safe,表域: layer; 来源: standard_geom_field,standard_geom_field,,
public,layer_boundary_park,name,character varying(28),,名称,high,A_auto_safe,表域: layer; 来源: standard_common_field,standard_common_field,,
public,layer_boundary_park,code,character varying(50),,编码,high,A_auto_safe,表域: layer; 来源: standard_common_field,standard_common_field,,
public,layer_industrial_ghysgw,id,integer,,主键ID,high,A_auto_safe,表域: layer; 来源: standard_id_field,standard_id_field,,
public,layer_industrial_ghysgw,geom,"geometry(MultiLineString,4326)",,空间几何数据,high,A_auto_safe,表域: layer; 来源: standard_geom_field,standard_geom_field,,
public,layer_industrial_ghysgw,name,character varying(10),,名称,high,A_auto_safe,表域: layer; 来源: standard_common_field,standard_common_field,,
public,layer_industrial_ghysgw,code,character varying(50),,编码,high,A_auto_safe,表域: layer; 来源: standard_common_field,standard_common_field,,
public,layer_industrial_lsf,id,integer,,主键ID,high,A_auto_safe,表域: layer; 来源: standard_id_field,standard_id_field,,
public,layer_industrial_lsf,geom,"geometry(Point,4326)",,空间几何数据,high,A_auto_safe,表域: layer; 来源: standard_geom_field,standard_geom_field,,
public,layer_industrial_lsf,name,character varying(10),,名称,high,A_auto_safe,表域: layer; 来源: standard_common_field,standard_common_field,,
public,layer_industrial_lsf,code,character varying(50),,编码,high,A_auto_safe,表域: layer; 来源: standard_common_field,standard_common_field,,
public,layer_industrial_xzysgw,id,integer,,主键ID,high,A_auto_safe,表域: layer; 来源: standard_id_field,standard_id_field,,
public,layer_industrial_xzysgw,geom,"geometry(MultiLineString,4326)",,空间几何数据,high,A_auto_safe,表域: layer; 来源: standard_geom_field,standard_geom_field,,
public,layer_industrial_xzysgw,name,character varying(10),,名称,high,A_auto_safe,表域: layer; 来源: standard_common_field,standard_common_field,,
public,layer_industrial_xzysgw,code,character varying(50),,编码,high,A_auto_safe,表域: layer; 来源: standard_common_field,standard_common_field,,
public,layer_industrial_yjf,id,integer,,主键ID,high,A_auto_safe,表域: layer; 来源: standard_id_field,standard_id_field,,
public,layer_industrial_yjf,geom,"geometry(Point,4326)",,空间几何数据,high,A_auto_safe,表域: layer; 来源: standard_geom_field,standard_geom_field,,
public,layer_industrial_yjf,name,character varying(10),,名称,high,A_auto_safe,表域: layer; 来源: standard_common_field,standard_common_field,,
public,layer_industrial_yjf,code,character varying(50),,编码,high,A_auto_safe,表域: layer; 来源: standard_common_field,standard_common_field,,
public,layer_industrial_yjsgc,id,integer,,主键ID,high,A_auto_safe,表域: layer; 来源: standard_id_field,standard_id_field,,
public,layer_industrial_yjsgc,geom,"geometry(Point,4326)",,空间几何数据,high,A_auto_safe,表域: layer; 来源: standard_geom_field,standard_geom_field,,
public,layer_industrial_yjsgc,x,double precision,,X坐标,high,A_auto_safe,表域: layer; 来源: standard_common_field,standard_common_field,,
public,layer_industrial_yjsgc,y,double precision,,Y坐标,high,A_auto_safe,表域: layer; 来源: standard_common_field,standard_common_field,,
public,layer_industrial_yjsgc,name,character varying(100),,名称,high,A_auto_safe,表域: layer; 来源: standard_common_field,standard_common_field,,
public,layer_industrial_yjsgc,code,character varying(50),,编码,high,A_auto_safe,表域: layer; 来源: standard_common_field,standard_common_field,,
public,layer_industrial_ysc,id,integer,,主键ID,high,A_auto_safe,表域: layer; 来源: standard_id_field,standard_id_field,,
public,layer_industrial_ysc,geom,"geometry(Point,4326)",,空间几何数据,high,A_auto_safe,表域: layer; 来源: standard_geom_field,standard_geom_field,,
public,layer_industrial_ysc,x,double precision,,X坐标,high,A_auto_safe,表域: layer; 来源: standard_common_field,standard_common_field,,
public,layer_industrial_ysc,y,double precision,,Y坐标,high,A_auto_safe,表域: layer; 来源: standard_common_field,standard_common_field,,
public,layer_industrial_ysc,name,character varying(10),,名称,high,A_auto_safe,表域: layer; 来源: standard_common_field,standard_common_field,,
public,layer_industrial_ysc,code,character varying(50),,编码,high,A_auto_safe,表域: layer; 来源: standard_common_field,standard_common_field,,
public,layer_outlet_sewage,id,integer,,主键ID,high,A_auto_safe,表域: layer; 来源: standard_id_field,standard_id_field,,
public,layer_outlet_sewage,x,double precision,,X坐标,high,A_auto_safe,表域: layer; 来源: standard_common_field,standard_common_field,,
public,layer_outlet_sewage,y,double precision,,Y坐标,high,A_auto_safe,表域: layer; 来源: standard_common_field,standard_common_field,,
public,layer_outlet_sewage,name,character varying,,名称,high,A_auto_safe,表域: layer; 来源: standard_common_field,standard_common_field,,
public,layer_outlet_sewage,code,character varying,,编码,high,A_auto_safe,表域: layer; 来源: standard_common_field,standard_common_field,,
public,layer_outlet_sewage,geom,"geometry(Point,4326)",,空间几何数据,high,A_auto_safe,表域: layer; 来源: standard_geom_field,standard_geom_field,,
public,layer_partition_2,id,integer,,主键ID,high,A_auto_safe,表域: layer; 来源: standard_id_field,standard_id_field,,
public,layer_partition_2,geom,"geometry(MultiPolygon,4326)",,空间几何数据,high,A_auto_safe,表域: layer; 来源: standard_geom_field,standard_geom_field,,
public,layer_partition_3,id,integer,,主键ID,high,A_auto_safe,表域: layer; 来源: standard_id_field,standard_id_field,,
public,layer_partition_3,geom,"geometry(MultiPolygon,4326)",,空间几何数据,high,A_auto_safe,表域: layer; 来源: standard_geom_field,standard_geom_field,,
public,layer_reservoir_provincial,id,integer,,主键ID,high,A_auto_safe,表域: layer; 来源: standard_id_field,standard_id_field,,
public,layer_reservoir_provincial,geom,"geometry(MultiPolygon,4326)",,空间几何数据,high,A_auto_safe,表域: layer; 来源: standard_geom_field,standard_geom_field,,
public,layer_reservoir_provincial,objectid,bigint,,对象唯一标识,high,A_auto_safe,表域: layer; 来源: standard_id_field,standard_id_field,,
public,layer_reservoir_provincial,name,character varying(64),,名称,high,A_auto_safe,表域: layer; 来源: standard_common_field,standard_common_field,,
public,layer_reservoir_provincial,type,character varying(32),,类型,high,A_auto_safe,表域: layer; 来源: standard_common_field,standard_common_field,,
public,layer_reservoir_provincial,length,double precision,,长度,high,A_auto_safe,表域: layer; 来源: standard_common_field,standard_common_field,,
public,layer_reservoir_provincial_label,geom,"geometry(Point,4326)",,空间几何数据,high,A_auto_safe,表域: layer; 来源: standard_geom_field,standard_geom_field,,
public,layer_reservoir_provincial_label,name,character varying(64),,名称,high,A_auto_safe,表域: layer; 来源: standard_common_field,standard_common_field,,
public,layer_reservoir_provincial_label,type,character varying(32),,类型,high,A_auto_safe,表域: layer; 来源: standard_common_field,standard_common_field,,
public,layer_reservoir_provincial_label,length,double precision,,长度,high,A_auto_safe,表域: layer; 来源: standard_common_field,standard_common_field,,
public,layer_reservoir_provincial_label,id,integer,,主键ID,high,A_auto_safe,表域: layer; 来源: standard_id_field,standard_id_field,,
public,layer_reservoir_provincial_合并,geom,"geometry(MultiPolygon,4326)",,空间几何数据,high,A_auto_safe,表域: layer; 来源: standard_geom_field,standard_geom_field,,
public,layer_reservoir_provincial_合并,name,character varying(64),,名称,high,A_auto_safe,表域: layer; 来源: standard_common_field,standard_common_field,,
public,layer_reservoir_provincial_合并,type,character varying(32),,类型,high,A_auto_safe,表域: layer; 来源: standard_common_field,standard_common_field,,
public,layer_reservoir_provincial_合并,length,double precision,,长度,high,A_auto_safe,表域: layer; 来源: standard_common_field,standard_common_field,,
public,layer_reservoir_provincial_合并,id,integer,,主键ID,high,A_auto_safe,表域: layer; 来源: standard_id_field,standard_id_field,,
public,layer_river_provincial,geom,"geometry(MultiLineString,4326)",,空间几何数据,high,A_auto_safe,表域: layer; 来源: standard_geom_field,standard_geom_field,,
public,layer_river_provincial,type,character varying(32),,类型,high,A_auto_safe,表域: layer; 来源: standard_common_field,standard_common_field,,
public,layer_river_provincial,length,double precision,,长度,high,A_auto_safe,表域: layer; 来源: standard_common_field,standard_common_field,,
public,layer_river_provincial,width,double precision,,宽度,high,A_auto_safe,表域: layer; 来源: standard_common_field,standard_common_field,,
public,layer_river_provincial,name,character varying(64),,名称,high,A_auto_safe,表域: layer; 来源: standard_common_field,standard_common_field,,
public,layer_river_provincial,id,integer,,主键ID,high,A_auto_safe,表域: layer; 来源: standard_id_field,standard_id_field,,
public,layer_river_provincial_bak0617,id,integer,,主键ID,high,A_auto_safe,表域: layer; 来源: standard_id_field,standard_id_field,,
public,layer_river_provincial_bak0617,geom,"geometry(MultiLineString,4326)",,空间几何数据,high,A_auto_safe,表域: layer; 来源: standard_geom_field,standard_geom_field,,
public,layer_river_provincial_bak0617,type,character varying(32),,类型,high,A_auto_safe,表域: layer; 来源: standard_common_field,standard_common_field,,
public,layer_river_provincial_bak0617,length,double precision,,长度,high,A_auto_safe,表域: layer; 来源: standard_common_field,standard_common_field,,
public,layer_river_provincial_bak0617,width,double precision,,宽度,high,A_auto_safe,表域: layer; 来源: standard_common_field,standard_common_field,,
public,layer_river_provincial_bak0617,name,character varying(64),,名称,high,A_auto_safe,表域: layer; 来源: standard_common_field,standard_common_field,,
public,layer_section,id,integer,,主键ID,high,A_auto_safe,表域: layer; 来源: standard_id_field,standard_id_field,,
public,layer_section,x,double precision,,X坐标,high,A_auto_safe,表域: layer; 来源: standard_common_field,standard_common_field,,
public,layer_section,y,double precision,,Y坐标,high,A_auto_safe,表域: layer; 来源: standard_common_field,standard_common_field,,
public,layer_section,name,character varying,,名称,high,A_auto_safe,表域: layer; 来源: standard_common_field,standard_common_field,,
public,layer_section,code,character varying,,编码,high,A_auto_safe,表域: layer; 来源: standard_common_field,standard_common_field,,
public,layer_section,geom,"geometry(Point,4326)",,空间几何数据,high,A_auto_safe,表域: layer; 来源: standard_geom_field,standard_geom_field,,
public,layer_watershed,id,integer,,主键ID,high,A_auto_safe,表域: layer; 来源: standard_id_field,standard_id_field,,
public,layer_watershed,name,character varying,,名称,high,A_auto_safe,表域: layer; 来源: standard_common_field,standard_common_field,,
public,layer_watershed,code,character varying,,编码,high,A_auto_safe,表域: layer; 来源: standard_common_field,standard_common_field,,
public,layer_watershed,geom,"geometry(MultiLineString,4326)",,空间几何数据,high,A_auto_safe,表域: layer; 来源: standard_geom_field,standard_geom_field,,
public,metadata_view,code,character varying(255),,编码,high,A_auto_safe,表域: metadata_view; 来源: standard_common_field,standard_common_field,,
public,metadata_view,parent_id,character varying(255),,父级ID,high,A_auto_safe,表域: metadata_view; 来源: standard_id_field,standard_id_field,,
public,metadata_view,type,character varying(255),,类型,high,A_auto_safe,表域: metadata_view; 来源: standard_common_field,standard_common_field,,
public,rs_industrial_info_yc,create_by,bigint,,创建人,high,A_auto_safe,表域: remote_sensing; 来源: standard_audit_field,standard_audit_field,,
public,rs_industrial_info_yc,create_time,timestamp without time zone,,创建时间,high,A_auto_safe,表域: remote_sensing; 来源: standard_audit_field,standard_audit_field,,
public,rs_industrial_info_yc,update_by,bigint,,修改人,high,A_auto_safe,表域: remote_sensing; 来源: standard_audit_field,standard_audit_field,,
public,rs_industrial_info_yc,update_time,timestamp without time zone,,修改时间,high,A_auto_safe,表域: remote_sensing; 来源: standard_audit_field,standard_audit_field,,
public,rs_industrial_info_yc,del_flag,character(1),,删除标志：0-正常，1-已删除,high,A_auto_safe,表域: remote_sensing; 来源: standard_audit_field,standard_audit_field,,
public,rs_industrial_info_yc_bak0305,id,bigint,,主键ID,high,A_auto_safe,表域: remote_sensing; 来源: standard_id_field,standard_id_field,,
public,rs_industrial_info_yc_bak0305,create_by,bigint,,创建人,high,A_auto_safe,表域: remote_sensing; 来源: standard_audit_field,standard_audit_field,,
public,rs_industrial_info_yc_bak0305,create_time,timestamp without time zone,,创建时间,high,A_auto_safe,表域: remote_sensing; 来源: standard_audit_field,standard_audit_field,,
public,rs_industrial_info_yc_bak0305,update_by,bigint,,修改人,high,A_auto_safe,表域: remote_sensing; 来源: standard_audit_field,standard_audit_field,,
public,rs_industrial_info_yc_bak0305,update_time,timestamp without time zone,,修改时间,high,A_auto_safe,表域: remote_sensing; 来源: standard_audit_field,standard_audit_field,,
public,rs_industrial_info_yc_bak0305,del_flag,character(1),,删除标志：0-正常，1-已删除,high,A_auto_safe,表域: remote_sensing; 来源: standard_audit_field,standard_audit_field,,
public,rs_outlet_info_v2,id,bigint,,主键ID,high,A_auto_safe,表域: remote_sensing; 来源: standard_id_field,standard_id_field,,
public,rs_outlet_info_v2,create_by,bigint,,创建人,high,A_auto_safe,表域: remote_sensing; 来源: standard_audit_field,standard_audit_field,,
public,rs_outlet_info_v2,create_time,timestamp without time zone,,创建时间,high,A_auto_safe,表域: remote_sensing; 来源: standard_audit_field,standard_audit_field,,
public,rs_outlet_info_v2,update_by,bigint,,修改人,high,A_auto_safe,表域: remote_sensing; 来源: standard_audit_field,standard_audit_field,,
public,rs_outlet_info_v2,update_time,timestamp without time zone,,修改时间,high,A_auto_safe,表域: remote_sensing; 来源: standard_audit_field,standard_audit_field,,
public,rs_outlet_info_v2,del_flag,character varying(1),,删除标志：0-正常，1-已删除,high,A_auto_safe,表域: remote_sensing; 来源: standard_audit_field,standard_audit_field,,
public,rs_outlet_live_v2,id,bigint,,主键ID,high,A_auto_safe,表域: remote_sensing; 来源: standard_id_field,standard_id_field,,
public,rs_outlet_live_v2,create_by,bigint,,创建人,high,A_auto_safe,表域: remote_sensing; 来源: standard_audit_field,standard_audit_field,,
public,rs_outlet_live_v2,create_time,timestamp without time zone,,创建时间,high,A_auto_safe,表域: remote_sensing; 来源: standard_audit_field,standard_audit_field,,
public,rs_outlet_live_v2,update_by,bigint,,修改人,high,A_auto_safe,表域: remote_sensing; 来源: standard_audit_field,standard_audit_field,,
public,rs_outlet_live_v2,update_time,timestamp without time zone,,修改时间,high,A_auto_safe,表域: remote_sensing; 来源: standard_audit_field,standard_audit_field,,
public,rs_outlet_live_v2,del_flag,character varying(1),,删除标志：0-正常，1-已删除,high,A_auto_safe,表域: remote_sensing; 来源: standard_audit_field,standard_audit_field,,
public,rs_outlet_monitor_v2,id,bigint,,主键ID,high,A_auto_safe,表域: remote_sensing; 来源: standard_id_field,standard_id_field,,
public,rs_outlet_monitor_v2,create_by,bigint,,创建人,high,A_auto_safe,表域: remote_sensing; 来源: standard_audit_field,standard_audit_field,,
public,rs_outlet_monitor_v2,create_time,timestamp without time zone,,创建时间,high,A_auto_safe,表域: remote_sensing; 来源: standard_audit_field,standard_audit_field,,
public,rs_outlet_monitor_v2,update_by,bigint,,修改人,high,A_auto_safe,表域: remote_sensing; 来源: standard_audit_field,standard_audit_field,,
public,rs_outlet_monitor_v2,update_time,timestamp without time zone,,修改时间,high,A_auto_safe,表域: remote_sensing; 来源: standard_audit_field,standard_audit_field,,
public,rs_outlet_monitor_v2,del_flag,character varying(1),,删除标志：0-正常，1-已删除,high,A_auto_safe,表域: remote_sensing; 来源: standard_audit_field,standard_audit_field,,
public,rs_outlet_remediation_v2,id,bigint,,主键ID,high,A_auto_safe,表域: remote_sensing; 来源: standard_id_field,standard_id_field,,
public,rs_outlet_remediation_v2,create_by,bigint,,创建人,high,A_auto_safe,表域: remote_sensing; 来源: standard_audit_field,standard_audit_field,,
public,rs_outlet_remediation_v2,create_time,timestamp without time zone,,创建时间,high,A_auto_safe,表域: remote_sensing; 来源: standard_audit_field,standard_audit_field,,
public,rs_outlet_remediation_v2,update_by,bigint,,修改人,high,A_auto_safe,表域: remote_sensing; 来源: standard_audit_field,standard_audit_field,,
public,rs_outlet_remediation_v2,update_time,timestamp without time zone,,修改时间,high,A_auto_safe,表域: remote_sensing; 来源: standard_audit_field,standard_audit_field,,
public,rs_outlet_remediation_v2,del_flag,character varying(1),,删除标志：0-正常，1-已删除,high,A_auto_safe,表域: remote_sensing; 来源: standard_audit_field,standard_audit_field,,
public,rs_outlet_trace_v2,id,bigint,,主键ID,high,A_auto_safe,表域: remote_sensing; 来源: standard_id_field,standard_id_field,,
public,rs_outlet_trace_v2,create_by,bigint,,创建人,high,A_auto_safe,表域: remote_sensing; 来源: standard_audit_field,standard_audit_field,,
public,rs_outlet_trace_v2,create_time,timestamp without time zone,,创建时间,high,A_auto_safe,表域: remote_sensing; 来源: standard_audit_field,standard_audit_field,,
public,rs_outlet_trace_v2,update_by,bigint,,修改人,high,A_auto_safe,表域: remote_sensing; 来源: standard_audit_field,standard_audit_field,,
public,rs_outlet_trace_v2,update_time,timestamp without time zone,,修改时间,high,A_auto_safe,表域: remote_sensing; 来源: standard_audit_field,standard_audit_field,,
public,rs_outlet_trace_v2,del_flag,character varying(1),,删除标志：0-正常，1-已删除,high,A_auto_safe,表域: remote_sensing; 来源: standard_audit_field,standard_audit_field,,
public,rs_sewage_info_v2,id,bigint,,主键ID,high,A_auto_safe,表域: remote_sensing; 来源: standard_id_field,standard_id_field,,
public,rs_sewage_info_v2,create_by,bigint,,创建人,high,A_auto_safe,表域: remote_sensing; 来源: standard_audit_field,standard_audit_field,,
public,rs_sewage_info_v2,create_time,timestamp without time zone,,创建时间,high,A_auto_safe,表域: remote_sensing; 来源: standard_audit_field,standard_audit_field,,
public,rs_sewage_info_v2,update_by,bigint,,修改人,high,A_auto_safe,表域: remote_sensing; 来源: standard_audit_field,standard_audit_field,,
public,rs_sewage_info_v2,update_time,timestamp without time zone,,修改时间,high,A_auto_safe,表域: remote_sensing; 来源: standard_audit_field,standard_audit_field,,
public,rs_sewage_info_v2,del_flag,character varying(1),,删除标志：0-正常，1-已删除,high,A_auto_safe,表域: remote_sensing; 来源: standard_audit_field,standard_audit_field,,
public,rs_sewage_park_info,create_by,bigint,,创建人,high,A_auto_safe,表域: remote_sensing; 来源: standard_audit_field,standard_audit_field,,
public,rs_sewage_park_info,create_time,timestamp without time zone,,创建时间,high,A_auto_safe,表域: remote_sensing; 来源: standard_audit_field,standard_audit_field,,
public,rs_sewage_park_info,update_by,bigint,,修改人,high,A_auto_safe,表域: remote_sensing; 来源: standard_audit_field,standard_audit_field,,
public,rs_sewage_park_info,update_time,timestamp without time zone,,修改时间,high,A_auto_safe,表域: remote_sensing; 来源: standard_audit_field,standard_audit_field,,
public,rs_sewage_park_info,del_flag,character varying(1),,删除标志：0-正常，1-已删除,high,A_auto_safe,表域: remote_sensing; 来源: standard_audit_field,standard_audit_field,,
public,se_watershed,id,bigint,,主键ID,high,A_auto_safe,表域: social_economic; 来源: standard_id_field,standard_id_field,,
public,spatial_ref_sys,srid,integer,,空间参考标识符,high,A_auto_safe,表域: postgis_system; 来源: standard_common_field,standard_common_field,,
public,spatial_ref_sys,auth_name,character varying(256),,空间参考系授权机构名称,high,A_auto_safe,表域: postgis_system; 来源: standard_common_field,standard_common_field,,
public,spatial_ref_sys,auth_srid,integer,,空间参考系授权机构SRID,high,A_auto_safe,表域: postgis_system; 来源: standard_common_field,standard_common_field,,
public,spatial_ref_sys,srtext,character varying(2048),,空间参考系WKT描述,high,A_auto_safe,表域: postgis_system; 来源: standard_common_field,standard_common_field,,
public,spatial_ref_sys,proj4text,character varying(2048),,空间参考系Proj4描述,high,A_auto_safe,表域: postgis_system; 来源: standard_common_field,standard_common_field,,
public,stg_sjtysj_cbwrwxtzlxxxt_b_anchorage_info_df,create_by,character varying(500),,创建人,high,A_auto_safe,表域: staging; 来源: standard_audit_field,standard_audit_field,,
public,stg_sjtysj_cbwrwxtzlxxxt_b_anchorage_info_df,create_date,timestamp without time zone,,创建日期,high,A_auto_safe,表域: staging; 来源: standard_audit_field,standard_audit_field,,
public,stg_sjtysj_cbwrwxtzlxxxt_b_anchorage_info_df,update_by,character varying(500),,修改人,high,A_auto_safe,表域: staging; 来源: standard_audit_field,standard_audit_field,,
public,stg_sjtysj_cbwrwxtzlxxxt_b_anchorage_info_df,update_date,timestamp without time zone,,修改日期,high,A_auto_safe,表域: staging; 来源: standard_audit_field,standard_audit_field,,
public,stg_sjtysj_cbwrwxtzlxxxt_b_receive_ship_assessment_df,id,bigint,,主键ID,high,A_auto_safe,表域: staging; 来源: standard_id_field,standard_id_field,,
public,stg_sjtysj_cbwrwxtzlxxxt_b_wharf_info_df,id,bigint,,主键ID,high,A_auto_safe,表域: staging; 来源: standard_id_field,standard_id_field,,
public,stg_sjtysj_cbwrwxtzlxxxt_b_wharf_info_df,geom,"geometry(Point,4326)",,空间几何数据,high,A_auto_safe,表域: staging; 来源: standard_geom_field,standard_geom_field,,
public,stg_sjtysj_cbwrwxtzlxxxt_p_handover_trans_detail_df,create_time,character varying(500),,创建时间,high,A_auto_safe,表域: staging; 来源: standard_audit_field,standard_audit_field,,
public,stg_ycsjtysj_sxhyzssj_base_ship_df,create_time,timestamp without time zone,,创建时间,high,A_auto_safe,表域: staging; 来源: standard_audit_field,standard_audit_field,,
public,stg_ycsjtysj_sxhyzssj_base_ship_df,update_time,timestamp without time zone,,修改时间,high,A_auto_safe,表域: staging; 来源: standard_audit_field,standard_audit_field,,
public,wh_meteorological_predict_day_records,predictiontime,timestamp without time zone,,预测时间,high,A_auto_safe,表域: weather_hydro; 来源: domain_weather_predict,domain_weather_predict,,
public,wh_meteorological_predict_day_records,predictioninterval,bigint,,预测间隔（小时）,high,A_auto_safe,表域: weather_hydro; 来源: domain_weather_predict,domain_weather_predict,,
public,wh_meteorological_predict_day_records,datadate,timestamp without time zone,,数据日期,high,A_auto_safe,表域: weather_hydro; 来源: domain_weather_predict,domain_weather_predict,,
public,wh_meteorological_predict_hour_records,predictiontime,timestamp without time zone,,预测时间,high,A_auto_safe,表域: weather_hydro; 来源: domain_weather_predict,domain_weather_predict,,
public,wh_meteorological_predict_hour_records,predictioninterval,bigint,,预测间隔（小时）,high,A_auto_safe,表域: weather_hydro; 来源: domain_weather_predict,domain_weather_predict,,
public,wh_meteorological_predict_hour_records,datadate,timestamp without time zone,,数据日期,high,A_auto_safe,表域: weather_hydro; 来源: domain_weather_predict,domain_weather_predict,,
public,wm_camera_platform,id,bigint,,主键ID,high,A_auto_safe,表域: water_monitor; 来源: standard_id_field,standard_id_field,,
public,wm_hydrological_info,region_code,character varying(16),,行政区划代码,high,A_auto_safe,表域: water_monitor; 来源: domain_hydrological_info,domain_hydrological_info,,
public,wm_hydrological_info,geom,"geometry(Point,4326)",,空间几何数据,high,A_auto_safe,表域: water_monitor; 来源: standard_geom_field,standard_geom_field,,
public,wm_image_info,id,bigint,,主键ID,high,A_auto_safe,表域: water_monitor; 来源: standard_id_field,standard_id_field,,
public,wm_meteorological_info,region_code,character varying(16),,行政区划代码,high,A_auto_safe,表域: water_monitor; 来源: domain_meteorological_info,domain_meteorological_info,,
public,wm_meteorological_info,geom,"geometry(Point,4326)",,空间几何数据,high,A_auto_safe,表域: water_monitor; 来源: standard_geom_field,standard_geom_field,,
public,wm_raster_info,id,bigint,,主键ID,high,A_auto_safe,表域: water_monitor; 来源: standard_id_field,standard_id_field,,
public,wm_raster_inversion,id,bigint,,主键ID,high,A_auto_safe,表域: water_monitor; 来源: standard_id_field,standard_id_field,,
public,wm_raster_inversion_config,id,bigint,,主键ID,high,A_auto_safe,表域: water_monitor; 来源: standard_id_field,standard_id_field,,
public,wm_raster_inversion_config,name,character varying(100),,名称,high,A_auto_safe,表域: water_monitor; 来源: standard_common_field,standard_common_field,,
public,wm_raster_inversion_config,create_time,timestamp without time zone,,创建时间,high,A_auto_safe,表域: water_monitor; 来源: standard_audit_field,standard_audit_field,,
public,wm_raster_inversion_config,update_time,timestamp without time zone,,修改时间,high,A_auto_safe,表域: water_monitor; 来源: standard_audit_field,standard_audit_field,,
public,wm_raster_inversion_config,del_flag,character(1),,删除标志：0-正常，1-已删除,high,A_auto_safe,表域: water_monitor; 来源: standard_audit_field,standard_audit_field,,
public,wm_station_info,region_code,character varying(16),,行政区划代码,high,A_auto_safe,表域: water_monitor; 来源: domain_station_info,domain_station_info,,
public,wm_station_info,geom,"geometry(Point,4326)",,空间几何数据,high,A_auto_safe,表域: water_monitor; 来源: standard_geom_field,standard_geom_field,,
public,wm_station_info_v2,create_by,bigint,,创建人,high,A_auto_safe,表域: water_monitor; 来源: standard_audit_field,standard_audit_field,,
public,wm_station_info_v2,create_time,timestamp without time zone,,创建时间,high,A_auto_safe,表域: water_monitor; 来源: standard_audit_field,standard_audit_field,,
public,wm_station_info_v2,update_by,bigint,,修改人,high,A_auto_safe,表域: water_monitor; 来源: standard_audit_field,standard_audit_field,,
public,wm_station_info_v2,update_time,timestamp without time zone,,修改时间,high,A_auto_safe,表域: water_monitor; 来源: standard_audit_field,standard_audit_field,,
public,wm_uav_info,id,bigint,,主键ID,high,A_auto_safe,表域: water_monitor; 来源: standard_id_field,standard_id_field,,
public,wm_water_intake,id,bigint,,主键ID,high,A_auto_safe,表域: water_monitor; 来源: standard_id_field,standard_id_field,,
public,wm_water_intake,geom,"geometry(Point,4490)",,空间几何数据,high,A_auto_safe,表域: water_monitor; 来源: standard_geom_field,standard_geom_field,,
public,wm_water_source,id,bigint,,主键ID,high,A_auto_safe,表域: water_monitor; 来源: standard_id_field,standard_id_field,,
public,wm_water_source,geom,"geometry(MultiPolygon,4326)",,空间几何数据,high,A_auto_safe,表域: water_monitor; 来源: standard_geom_field,standard_geom_field,,
public,wm_water_source_bak0421,id,bigint,,主键ID,high,A_auto_safe,表域: water_monitor; 来源: standard_id_field,standard_id_field,,
public,wm_water_source_intake_v2,id,bigint,,主键ID,high,A_auto_safe,表域: water_monitor; 来源: standard_id_field,standard_id_field,,
public,wm_water_source_intake_v2,create_by,bigint,,创建人,high,A_auto_safe,表域: water_monitor; 来源: standard_audit_field,standard_audit_field,,
public,wm_water_source_intake_v2,create_time,timestamp without time zone,,创建时间,high,A_auto_safe,表域: water_monitor; 来源: standard_audit_field,standard_audit_field,,
public,wm_water_source_intake_v2,update_by,bigint,,修改人,high,A_auto_safe,表域: water_monitor; 来源: standard_audit_field,standard_audit_field,,
public,wm_water_source_intake_v2,update_time,timestamp without time zone,,修改时间,high,A_auto_safe,表域: water_monitor; 来源: standard_audit_field,standard_audit_field,,
public,wm_water_source_intake_v2,del_flag,character varying(1),,删除标志：0-正常，1-已删除,high,A_auto_safe,表域: water_monitor; 来源: standard_audit_field,standard_audit_field,,
public,wm_water_source_zone_v2,id,bigint,,主键ID,high,A_auto_safe,表域: water_monitor; 来源: standard_id_field,standard_id_field,,
public,wm_water_source_zone_v2,create_by,bigint,,创建人,high,A_auto_safe,表域: water_monitor; 来源: standard_audit_field,standard_audit_field,,
public,wm_water_source_zone_v2,create_time,timestamp without time zone,,创建时间,high,A_auto_safe,表域: water_monitor; 来源: standard_audit_field,standard_audit_field,,
public,wm_water_source_zone_v2,update_by,bigint,,修改人,high,A_auto_safe,表域: water_monitor; 来源: standard_audit_field,standard_audit_field,,
public,wm_water_source_zone_v2,update_time,timestamp without time zone,,修改时间,high,A_auto_safe,表域: water_monitor; 来源: standard_audit_field,standard_audit_field,,
public,wm_water_source_zone_v2,del_flag,character varying(1),,删除标志：0-正常，1-已删除,high,A_auto_safe,表域: water_monitor; 来源: standard_audit_field,standard_audit_field,,
public,wm_water_source_zone_v2,geom,"geometry(MultiPolygon,4326)",,空间几何数据,high,A_auto_safe,表域: water_monitor; 来源: standard_geom_field,standard_geom_field,,
public,wm_waterbody_info,water_body_code,character varying(32),,水体编码,high,A_auto_safe,表域: water_monitor; 来源: domain_waterbody_info,domain_waterbody_info,,
public,wm_waterbody_info,remark,character varying(255),,备注,high,A_auto_safe,表域: water_monitor; 来源: standard_common_field,standard_common_field,,
public,wm_waterquality_day_records,status,character(1),,状态,high,A_auto_safe,表域: water_monitor; 来源: standard_common_field,standard_common_field,,
public,wst_asset_trace_snap,snap_node_id,bigint,,吸附节点ID,high,A_auto_safe,表域: water_trace; 来源: standard_id_field,standard_id_field,,
public,wst_asset_trace_snap,snap_edge_id,bigint,,吸附边ID,high,A_auto_safe,表域: water_trace; 来源: standard_id_field,standard_id_field,,
public,wst_asset_trace_snap,status,character varying(64),,状态,high,A_auto_safe,表域: water_trace; 来源: standard_common_field,standard_common_field,,
public,wst_layer_river,id,bigint,,主键ID,high,A_auto_safe,表域: water_trace; 来源: standard_id_field,standard_id_field,,
public,wst_layer_river,river_code,character varying(128),,河流编码,high,A_auto_safe,表域: water_trace; 来源: domain_wst_layer_river,domain_wst_layer_river,,
public,wst_layer_river,river_name,character varying(255),,河流名称,high,A_auto_safe,表域: water_trace; 来源: domain_wst_layer_river,domain_wst_layer_river,,
public,wst_layer_river,geom,"geometry(MultiLineString,4326)",,空间几何数据,high,A_auto_safe,表域: water_trace; 来源: standard_geom_field,standard_geom_field,,
public,wst_trace_edge,source_asset_id,bigint,,源资产ID,high,A_auto_safe,表域: water_trace; 来源: standard_id_field,standard_id_field,,
public,wst_trace_edge,from_node_id,bigint,,上游节点ID,high,A_auto_safe,表域: water_trace; 来源: standard_id_field,standard_id_field,,
public,wst_trace_edge,to_node_id,bigint,,下游节点ID,high,A_auto_safe,表域: water_trace; 来源: standard_id_field,standard_id_field,,
public,wst_trace_node,asset_id,bigint,,资产ID,high,A_auto_safe,表域: water_trace; 来源: standard_id_field,standard_id_field,,
public,wst_trace_topology_issue,id,bigint,,主键ID,high,A_auto_safe,表域: water_trace; 来源: standard_id_field,standard_id_field,,
public,wst_trace_topology_issue,status,character varying(32),,状态,high,A_auto_safe,表域: water_trace; 来源: standard_common_field,standard_common_field,,
public,wst_trace_topology_issue,geom,"geometry(Geometry,4326)",,空间几何数据,high,A_auto_safe,表域: water_trace; 来源: standard_geom_field,standard_geom_field,,
public,wst_trace_topology_issue,remark,text,,备注,high,A_auto_safe,表域: water_trace; 来源: standard_common_field,standard_common_field,,
public,wst_trace_topology_issue,del_flag,smallint,,删除标志：0-正常，1-已删除,high,A_auto_safe,表域: water_trace; 来源: standard_audit_field,standard_audit_field,,
